BOCES Code,Admin Unit,School Code,Fund Code,Location Code,SRE Code,Program Code,Obj/Srce Code,Job Class Code,Grant Code,Amount
9035,64203,0000,10,101,00,2510,0110,103,0000,10980900
9035,64203,0000,10,101,00,2300,0110,120,0000,7353750
9035,64203,0000,10,101,00,2510,0110,320,0000,1200000
9035,64203,0000,10,101,75,2510,0110,320,0000,432775
9035,64203,0000,10,101,79,2510,0110,320,0000,1731096
9035,64203,0000,10,101,00,2820,0110,345,0000,3366935
9035,64203,0000,10,101,00,2510,0110,501,0000,10338000
9035,64203,0000,10,101,00,2300,0110,506,0000,8527380
9035,64203,0000,10,101,00,2600,0110,630,0000,21865
9035,64203,0000,10,145,30,2200,0110,103,4048,549997
9035,64203,0000,10,172,00,2220,0110,506,0000,248689
9035,64203,0000,10,172,00,2220,0110,630,0000,344604
9035,64203,0000,10,205,00,2840,0110,381,0000,6153340
9035,64203,0000,10,206,00,2840,0110,380,0000,1292840
9035,64203,0000,10,218,00,2840,0110,380,0000,6564560
9035,64203,0000,10,218,00,2840,0110,382,0000,4338868
9035,64203,0000,10,230,00,2840,0110,108,0000,849381
9035,64203,0000,10,230,00,2840,0110,382,0000,615432
9035,64203,0000,10,239,00,2225,0110,506,0000,2105200
9035,64203,0000,10,502,00,1700,0110,202,3130,520625
9035,64203,0000,10,502,00,1700,0110,233,3130,45000
9035,64203,0000,10,502,00,2140,0110,236,3130,242880
9035,64203,0000,10,502,00,1700,0110,238,3130,80000
9035,64203,0000,10,502,00,1700,0110,416,3130,363350
9035,64203,0000,10,502,00,1700,0110,421,3130,263750
9035,64203,0000,10,504,00,2231,0110,102,3130,10537020
9035,64203,0000,10,504,00,2231,0110,102,5126,554580
9035,64203,0000,10,504,00,2231,0110,104,4027,7282403
9035,64203,0000,10,504,00,2840,0110,381,4027,405122
9035,64203,0000,10,504,00,2231,0110,506,4027,788424
9035,64203,0000,10,504,00,2231,0110,515,4027,3557294
9035,64203,0000,10,504,00,2231,0110,515,5126,604969
9035,64203,0000,10,505,00,1720,0110,202,3130,1404761
9035,64203,0000,10,505,00,1730,0110,202,4027,4170420
9035,64203,0000,10,505,00,2231,0110,358,4027,1979632
9035,64203,0000,10,508,00,1799,0110,416,3130,2040668
9035,64203,0000,10,509,00,2100,0110,355,5126,5748000
9035,64203,0000,10,509,00,2100,0110,423,5126,8250760
9035,64203,0000,10,510,00,2134,0110,409,0000,2038310
9035,64203,0000,10,516,00,1791,0110,202,3130,5381818
9035,64203,0000,10,516,00,2100,0110,330,3130,2974252
9035,64203,0000,10,516,00,2100,0110,330,4173,2974248
9035,64203,0000,10,516,15,2100,0110,330,3130,2472680
9035,64203,0000,10,516,00,1791,0110,416,3130,313760
9035,64203,0000,10,518,00,1790,0110,202,3130,6133500
9035,64203,0000,10,518,00,1790,0110,416,3130,7680900
9035,64203,0000,10,520,00,1770,0110,238,4027,20788730
9035,64203,0000,10,520,15,1770,0110,238,4027,3409020
9035,64203,0000,10,520,00,1770,0110,241,3130,0
9035,64203,0000,10,520,00,1770,0110,241,4027,3514800
9035,64203,0000,10,520,15,1770,0110,241,4027,4037400
9035,64203,0000,10,521,00,2113,0110,237,4027,9007400
9035,64203,0000,10,521,15,2113,0110,237,4027,5116200
9035,64203,0000,10,522,00,2140,0110,236,3130,10336393
9035,64203,0000,10,522,00,2140,0110,236,4027,13664153
9035,64203,0000,10,522,00,2140,0110,236,5126,6723407
9035,64203,0000,10,523,00,2161,0110,234,3130,4170480
9035,64203,0000,10,523,00,2161,0110,234,4027,5017272
9035,64203,0000,10,523,00,2161,0110,421,4027,2604800
9035,64203,0000,10,523,15,2161,0110,421,4027,3018700
9035,64203,0000,10,524,00,2150,0110,231,4027,4395916
9035,64203,0000,10,524,15,2150,0110,231,4027,1587050
9035,64203,0000,10,525,00,2194,0110,350,5126,5718900
9035,64203,0000,10,535,82,1720,0110,202,3130,2107139
9035,64203,0000,10,535,72,1730,0110,202,3130,463380
9035,64203,0000,10,535,68,1791,0110,202,3130,2006318
9035,64203,0000,10,535,78,1791,0110,202,3130,1003164
9035,64203,0000,10,535,72,2150,0110,231,3130,1098984
9035,64203,0000,10,535,87,2150,0110,231,3130,1587050
9035,64203,0000,10,607,00,2210,0110,103,0000,0
9035,64203,0000,10,607,00,2210,0110,107,0000,166425
9035,64203,0000,10,607,00,2210,0110,506,0000,1234692
9035,64203,0000,10,607,00,2210,0110,509,0000,1702499
9035,64203,0000,10,615,00,2213,0110,107,3150,5582900
9035,64203,0000,10,616,00,2830,0110,107,0000,1857200
9035,64203,0000,10,616,00,2830,0110,509,0000,3410121
9035,64203,0000,10,625,00,2213,0110,103,3150,800004
9035,64203,0000,10,626,00,2213,0110,107,3228,1890000
9035,64203,0000,10,643,00,2210,0110,103,0000,1075000
9035,64203,0000,10,643,00,2210,0110,218,0000,454545
9035,64203,0000,10,644,00,2100,0110,107,5413,339996
9035,64203,0000,10,644,00,0500,0110,218,5413,2084200
9035,64203,0000,10,645,00,2210,0110,103,0000,710004
9035,64203,0000,10,648,00,2210,0110,103,0000,537524
9035,64203,0000,10,685,00,2210,0110,103,0000,749004
9035,64203,0000,10,685,00,2210,0110,506,0000,1260720
9035,64203,0000,10,685,00,2210,0110,509,0000,681000
9035,64203,0000,10,686,00,2300,0110,107,3183,634464
9035,64203,0000,10,686,00,0030,0110,201,3183,6172136
9035,64203,0000,10,687,00,2300,0110,103,0000,483469
9035,64203,0000,10,687,00,2400,0110,105,0000,5830600
9035,64203,0000,10,687,00,0030,0110,201,0000,4288588
9035,64203,0000,10,705,00,2800,0110,103,4011,11479400
9035,64203,0000,10,705,00,2210,0110,107,4011,7849104
9035,64203,0000,10,705,00,3300,0110,107,4011,5133336
9035,64203,0000,10,705,00,2210,0110,108,4011,4686000
9035,64203,0000,10,705,00,0051,0110,201,4011,0
9035,64203,0000,10,705,00,2800,0110,320,4011,3072000
9035,64203,0000,10,705,00,2113,0110,322,4011,1662840
9035,64203,0000,10,705,00,2113,0110,358,4011,341000
9035,64203,0000,10,705,00,2800,0110,358,4011,48000
9035,64203,0000,10,705,00,2113,0110,382,4011,7865000
9035,64203,0000,10,705,00,2113,0110,405,4011,14919464
9035,64203,0000,10,705,00,3300,0110,405,4011,6039688
9035,64203,0000,10,705,00,0051,0110,415,4011,464000
9035,64203,0000,10,705,05,0500,0110,415,4011,1288500
9035,64203,0000,10,705,00,2800,0110,506,4011,5664363
9035,64203,0000,10,715,00,2800,0110,107,4010,2846005
9035,64203,0000,10,715,00,2500,0110,320,4010,528000
9035,64203,0000,10,715,00,2500,0110,506,4010,198000
9035,64203,0000,10,722,00,2800,0110,107,4367,150996
9035,64203,0000,10,725,00,2800,0110,107,4365,579997
9035,64203,0000,10,730,00,2113,0110,322,5196,2494260
9035,64203,0000,10,731,00,2113,0110,322,0000,176664
9035,64203,0000,10,616,00,2830,0190,218,0000,5148000
9035,64203,0000,10,101,00,2510,0200,103,0000,821304
9035,64203,0000,10,101,00,2300,0200,120,0000,842078
9035,64203,0000,10,101,00,2510,0200,320,0000,192494
9035,64203,0000,10,101,75,2510,0200,320,0000,65124
9035,64203,0000,10,101,79,2510,0200,320,0000,260507
9035,64203,0000,10,101,00,2820,0200,345,0000,573328
9035,64203,0000,10,101,00,2510,0200,501,0000,1516676
9035,64203,0000,10,101,00,2300,0200,506,0000,1313920
9035,64203,0000,10,101,00,2600,0200,630,0000,383
9035,64203,0000,10,145,30,2200,0200,103,4048,48061
9035,64203,0000,10,172,00,2220,0200,506,0000,112671
9035,64203,0000,10,172,00,2220,0200,630,0000,6031
9035,64203,0000,10,205,00,2840,0200,381,0000,241438
9035,64203,0000,10,206,00,2840,0200,380,0000,160304
9035,64203,0000,10,218,00,2840,0200,380,0000,672313
9035,64203,0000,10,218,00,2840,0200,382,0000,688358
9035,64203,0000,10,230,00,2840,0200,108,0000,14865
9035,64203,0000,10,230,00,2840,0200,382,0000,79259
9035,64203,0000,10,239,00,2225,0200,506,0000,379106
9035,64203,0000,10,502,00,1700,0200,202,3130,9166
9035,64203,0000,10,502,00,1700,0200,233,3130,788
9035,64203,0000,10,502,00,2140,0200,236,3130,4858
9035,64203,0000,10,502,00,1700,0200,238,3130,1564
9035,64203,0000,10,502,00,1700,0200,416,3130,6423
9035,64203,0000,10,502,00,1700,0200,421,3130,4975
9035,64203,0000,10,504,00,2231,0200,102,3130,850822
9035,64203,0000,10,504,00,2231,0200,102,5126,44770
9035,64203,0000,10,504,00,2231,0200,104,4027,819443
9035,64203,0000,10,504,00,2840,0200,381,4027,8395
9035,64203,0000,10,504,00,2231,0200,506,4027,25294
9035,64203,0000,10,504,00,2231,0200,515,4027,687346
9035,64203,0000,10,504,00,2231,0200,515,5126,112397
9035,64203,0000,10,505,00,1720,0200,202,3130,299688
9035,64203,0000,10,505,00,1730,0200,202,4027,693521
9035,64203,0000,10,505,00,2231,0200,358,4027,35460
9035,64203,0000,10,508,00,1799,0200,416,3130,720013
9035,64203,0000,10,509,00,2100,0200,355,5126,792327
9035,64203,0000,10,509,00,2100,0200,423,5126,1893438
9035,64203,0000,10,510,00,2134,0200,409,0000,35670
9035,64203,0000,10,516,00,1791,0200,202,3130,1057675
9035,64203,0000,10,516,00,2100,0200,330,3130,399581
9035,64203,0000,10,516,00,2100,0200,330,4173,399574
9035,64203,0000,10,516,15,2100,0200,330,3130,319652
9035,64203,0000,10,516,00,1791,0200,416,3130,5492
9035,64203,0000,10,518,00,1790,0200,202,3130,791377
9035,64203,0000,10,518,00,1790,0200,416,3130,1501408
9035,64203,0000,10,520,00,1770,0200,238,4027,3173242
9035,64203,0000,10,520,15,1770,0200,238,4027,473857
9035,64203,0000,10,520,00,1770,0200,241,3130,0
9035,64203,0000,10,520,00,1770,0200,241,4027,749496
9035,64203,0000,10,520,15,1770,0200,241,4027,763768
9035,64203,0000,10,521,00,2113,0200,237,4027,1534352
9035,64203,0000,10,521,15,2113,0200,237,4027,784795
9035,64203,0000,10,522,00,2140,0200,236,3130,2005015
9035,64203,0000,10,522,00,2140,0200,236,4027,1621782
9035,64203,0000,10,522,00,2140,0200,236,5126,1220961
9035,64203,0000,10,523,00,2161,0200,234,3130,817353
9035,64203,0000,10,523,00,2161,0200,234,4027,782879
9035,64203,0000,10,523,00,2161,0200,421,4027,787022
9035,64203,0000,10,523,15,2161,0200,421,4027,740163
9035,64203,0000,10,524,00,2150,0200,231,4027,630728
9035,64203,0000,10,524,15,2150,0200,231,4027,35792
9035,64203,0000,10,525,00,2194,0200,350,5126,118528
9035,64203,0000,10,535,82,1720,0200,202,3130,449543
9035,64203,0000,10,535,72,1730,0200,202,3130,77052
9035,64203,0000,10,535,68,1791,0200,202,3130,312480
9035,64203,0000,10,535,78,1791,0200,202,3130,156240
9035,64203,0000,10,535,72,2150,0200,231,3130,157683
9035,64203,0000,10,535,87,2150,0200,231,3130,36019
9035,64203,0000,10,607,00,2210,0200,103,0000,0
9035,64203,0000,10,607,00,2210,0200,107,0000,2914
9035,64203,0000,10,607,00,2210,0200,506,0000,164286
9035,64203,0000,10,607,00,2210,0200,509,0000,236256
9035,64203,0000,10,613,00,2213,0200,107,0000,782408
9035,64203,0000,10,615,00,2213,0200,107,3150,0
9035,64203,0000,10,616,00,2830,0200,107,0000,32502
9035,64203,0000,10,616,00,2830,0200,218,0000,90094
9035,64203,0000,10,616,00,2830,0200,509,0000,458816
9035,64203,0000,10,625,00,2213,0200,103,3150,69928
9035,64203,0000,10,626,00,2213,0200,107,3228,215108
9035,64203,0000,10,643,00,2210,0200,103,0000,87800
9035,64203,0000,10,643,00,2210,0200,218,0000,7955
9035,64203,0000,10,644,00,2100,0200,107,5413,29728
9035,64203,0000,10,644,00,0500,0200,218,5413,36473
9035,64203,0000,10,645,00,2210,0200,103,0000,62068
9035,64203,0000,10,648,00,2210,0200,103,0000,34201
9035,64203,0000,10,685,00,2210,0200,103,0000,65452
9035,64203,0000,10,685,00,2210,0200,506,0000,227412
9035,64203,0000,10,685,00,2210,0200,509,0000,94500
9035,64203,0000,10,686,00,2300,0200,107,3183,86980
9035,64203,0000,10,686,00,0030,0200,201,3183,1244034
9035,64203,0000,10,687,00,2300,0200,103,0000,54451
9035,64203,0000,10,687,00,2400,0200,105,0000,785197
9035,64203,0000,10,687,00,0030,0200,201,0000,824217
9035,64203,0000,10,705,00,2800,0200,103,4011,905276
9035,64203,0000,10,705,00,2210,0200,107,4011,905543
9035,64203,0000,10,705,00,3300,0200,107,4011,704476
9035,64203,0000,10,705,00,2210,0200,108,4011,97920
9035,64203,0000,10,705,00,0051,0200,201,4011,0
9035,64203,0000,10,705,00,2800,0200,320,4011,492800
9035,64203,0000,10,705,00,2113,0200,322,4011,304296
9035,64203,0000,10,705,00,2113,0200,358,4011,5971
9035,64203,0000,10,705,00,2800,0200,358,4011,840
9035,64203,0000,10,705,00,2113,0200,382,4011,1505296
9035,64203,0000,10,705,00,2113,0200,405,4011,2896551
9035,64203,0000,10,705,00,3300,0200,405,4011,1419982
9035,64203,0000,10,705,00,0051,0200,415,4011,8120
9035,64203,0000,10,705,05,0500,0200,415,4011,22552
9035,64203,0000,10,705,00,2800,0200,506,4011,777106
9035,64203,0000,10,715,00,2800,0200,107,4010,248755
9035,64203,0000,10,715,00,2500,0200,320,4010,84706
9035,64203,0000,10,715,00,2500,0200,506,4010,44380
9035,64203,0000,10,722,00,2800,0200,107,4367,13190
9035,64203,0000,10,725,00,2800,0200,107,4365,50585
9035,64203,0000,10,730,00,2113,0200,322,5196,456456
9035,64203,0000,10,731,00,2113,0200,322,0000,3416
9035,64203,0000,10,101,00,2510,0230,103,0000,1861072
9035,64203,0000,10,101,00,2300,0230,120,0000,1784834
9035,64203,0000,10,101,00,2510,0230,320,0000,214800
9035,64203,0000,10,101,75,2510,0230,320,0000,79414
9035,64203,0000,10,101,79,2510,0230,320,0000,317657
9035,64203,0000,10,101,00,2820,0230,345,0000,607488
9035,64203,0000,10,101,00,2510,0230,501,0000,1845750
9035,64203,0000,10,101,00,2300,0230,506,0000,1482422
9035,64203,0000,10,101,00,2600,0230,630,0000,3887
9035,64203,0000,10,145,30,2200,0230,103,4048,98449
9035,64203,0000,10,172,00,2220,0230,506,0000,43123
9035,64203,0000,10,172,00,2220,0230,630,0000,59258
9035,64203,0000,10,205,00,2840,0230,381,0000,1074391
9035,64203,0000,10,206,00,2840,0230,380,0000,217266
9035,64203,0000,10,218,00,2840,0230,380,0000,1113526
9035,64203,0000,10,218,00,2840,0230,382,0000,706206
9035,64203,0000,10,230,00,2840,0230,108,0000,151596
9035,64203,0000,10,230,00,2840,0230,382,0000,102357
9035,64203,0000,10,239,00,2225,0230,506,0000,376116
9035,64203,0000,10,502,00,1700,0230,202,3130,92419
9035,64203,0000,10,502,00,1700,0230,233,3130,8258
9035,64203,0000,10,502,00,2140,0230,236,3130,42383
9035,64203,0000,10,502,00,1700,0230,238,3130,14096
9035,64203,0000,10,502,00,1700,0230,416,3130,64906
9035,64203,0000,10,502,00,1700,0230,421,3130,46655
9035,64203,0000,10,504,00,2231,0230,102,3130,1869798
9035,64203,0000,10,504,00,2231,0230,102,5126,98412
9035,64203,0000,10,504,00,2231,0230,104,4027,1291745
9035,64203,0000,10,504,00,2840,0230,381,4027,74341
9035,64203,0000,10,504,00,2231,0230,506,4027,126672
9035,64203,0000,10,504,00,2231,0230,515,4027,622999
9035,64203,0000,10,504,00,2231,0230,515,5126,105816
9035,64203,0000,10,505,00,1720,0230,202,3130,252520
9035,64203,0000,10,505,00,1730,0230,202,4027,738280
9035,64203,0000,10,505,00,2231,0230,358,4027,363613
9035,64203,0000,10,508,00,1799,0230,416,3130,368180
9035,64203,0000,10,509,00,2100,0230,355,5126,977198
9035,64203,0000,10,509,00,2100,0230,423,5126,1176905
9035,64203,0000,10,510,00,2134,0230,409,0000,364336
9035,64203,0000,10,516,00,1791,0230,202,3130,864518
9035,64203,0000,10,516,00,2100,0230,330,3130,530684
9035,64203,0000,10,516,00,2100,0230,330,4173,530684
9035,64203,0000,10,516,15,2100,0230,330,3130,404535
9035,64203,0000,10,516,00,1791,0230,416,3130,56338
9035,64203,0000,10,518,00,1790,0230,202,3130,1032524
9035,64203,0000,10,518,00,1790,0230,416,3130,1372302
9035,64203,0000,10,520,00,1770,0230,238,4027,3666008
9035,64203,0000,10,520,15,1770,0230,238,4027,557635
9035,64203,0000,10,520,00,1770,0230,241,3130,0
9035,64203,0000,10,520,00,1770,0230,241,4027,634420
9035,64203,0000,10,520,15,1770,0230,241,4027,719167
9035,64203,0000,10,521,00,2113,0230,237,4027,1486992
9035,64203,0000,10,521,15,2113,0230,237,4027,906259
9035,64203,0000,10,522,00,2140,0230,236,3130,1740553
9035,64203,0000,10,522,00,2140,0230,236,4027,2460278
9035,64203,0000,10,522,00,2140,0230,236,5126,1332831
9035,64203,0000,10,523,00,2161,0230,234,3130,736013
9035,64203,0000,10,523,00,2161,0230,234,4027,860454
9035,64203,0000,10,523,00,2161,0230,421,4027,466256
9035,64203,0000,10,523,15,2161,0230,421,4027,496010
9035,64203,0000,10,524,00,2150,0230,231,4027,717284
9035,64203,0000,10,524,15,2150,0230,231,4027,252918
9035,64203,0000,10,525,00,2194,0230,350,5126,1027809
9035,64203,0000,10,535,82,1720,0230,202,3130,378778
9035,64203,0000,10,535,72,1730,0230,202,3130,82032
9035,64203,0000,10,535,68,1791,0230,202,3130,360604
9035,64203,0000,10,535,78,1791,0230,202,3130,180304
9035,64203,0000,10,535,72,2150,0230,231,3130,179322
9035,64203,0000,10,535,87,2150,0230,231,3130,252917
9035,64203,0000,10,607,00,2210,0230,103,0000,0
9035,64203,0000,10,607,00,2210,0230,107,0000,29897
9035,64203,0000,10,607,00,2210,0230,506,0000,213783
9035,64203,0000,10,607,00,2210,0230,509,0000,304746
9035,64203,0000,10,615,00,2213,0230,107,3150,999337
9035,64203,0000,10,616,00,2830,0230,107,0000,331801
9035,64203,0000,10,616,00,2830,0230,218,0000,944661
9035,64203,0000,10,616,00,2830,0230,509,0000,589176
9035,64203,0000,10,625,00,2213,0230,103,3150,143196
9035,64203,0000,10,626,00,2213,0230,107,3228,346815
9035,64203,0000,10,643,00,2210,0230,103,0000,197262
9035,64203,0000,10,643,00,2210,0230,218,0000,83410
9035,64203,0000,10,644,00,2100,0230,107,5413,60858
9035,64203,0000,10,644,00,0500,0230,218,5413,373074
9035,64203,0000,10,645,00,2210,0230,103,0000,127092
9035,64203,0000,10,648,00,2210,0230,103,0000,72309
9035,64203,0000,10,685,00,2210,0230,103,0000,134075
9035,64203,0000,10,685,00,2210,0230,506,0000,225672
9035,64203,0000,10,685,00,2210,0230,509,0000,121902
9035,64203,0000,10,686,00,2300,0230,107,3183,111264
9035,64203,0000,10,686,00,0030,0230,201,3183,891122
9035,64203,0000,10,687,00,2300,0230,103,0000,88431
9035,64203,0000,10,687,00,2400,0230,105,0000,969590
9035,64203,0000,10,687,00,0030,0230,201,0000,805677
9035,64203,0000,10,705,00,2800,0230,103,4011,2054813
9035,64203,0000,10,705,00,2210,0230,107,4011,1178194
9035,64203,0000,10,705,00,3300,0230,107,4011,900228
9035,64203,0000,10,705,00,2210,0230,108,4011,774354
9035,64203,0000,10,705,00,0051,0230,201,4011,0
9035,64203,0000,10,705,00,2800,0230,320,4011,549888
9035,64203,0000,10,705,00,2113,0230,322,4011,281101
9035,64203,0000,10,705,00,2113,0230,358,4011,61461
9035,64203,0000,10,705,00,2800,0230,358,4011,8808
9035,64203,0000,10,705,00,2113,0230,382,4011,1407840
9035,64203,0000,10,705,00,2113,0230,405,4011,2618251
9035,64203,0000,10,705,00,3300,0230,405,4011,1077112
9035,64203,0000,10,705,00,0051,0230,415,4011,84280
9035,64203,0000,10,705,05,0500,0230,415,4011,231848
9035,64203,0000,10,705,00,2800,0230,506,4011,964642
9035,64203,0000,10,715,00,2800,0230,107,4010,509436
9035,64203,0000,10,715,00,2500,0230,320,4010,94512
9035,64203,0000,10,715,00,2500,0230,506,4010,35298
9035,64203,0000,10,722,00,2800,0230,107,4367,27030
9035,64203,0000,10,725,00,2800,0230,107,4365,103818
9035,64203,0000,10,730,00,2113,0230,322,5196,421657
9035,64203,0000,10,731,00,2113,0230,322,0000,30932
9035,64203,0000,10,705,00,2800,0250,000,4011,0
9035,64203,0000,10,644,00,0500,0300,000,5413,1260000
9035,64203,0000,10,705,00,2120,0300,000,4011,460000
9035,64203,0000,10,705,00,2130,0300,000,4011,3000000
9035,64203,0000,10,705,00,2800,0300,000,4011,40850
9035,64203,0000,10,705,00,3300,0300,000,4011,350000
9035,64203,0000,10,625,69,2213,0302,000,3150,269000
9035,64203,0000,10,625,70,2213,0302,000,3150,2403400
9035,64203,0000,10,625,71,2213,0302,000,3150,2304200
9035,64203,0000,10,625,73,2213,0302,000,3150,1544700
9035,64203,0000,10,625,74,2213,0302,000,3150,1143900
9035,64203,0000,10,625,75,2213,0302,000,3150,194300
9035,64203,0000,10,625,76,2213,0302,000,3150,203800
9035,64203,0000,10,625,77,2213,0302,000,3150,137200
9035,64203,0000,10,625,79,2213,0302,000,3150,1977500
9035,64203,0000,10,625,88,2213,0302,000,3150,679300
9035,64203,0000,10,101,00,2300,0313,000,0000,12800
9035,64203,0000,10,101,00,2300,0320,000,0000,150000
9035,64203,0000,10,504,00,2231,0320,000,4027,175000
9035,64203,0000,10,523,00,2161,0320,000,3130,50000
9035,64203,0000,10,607,00,2210,0320,000,0000,8933
9035,64203,0000,10,101,00,2300,0330,000,0000,12900
9035,64203,0000,10,101,00,2600,0330,000,0000,14500
9035,64203,0000,10,148,00,2200,0330,000,3183,1718142
9035,64203,0000,10,205,00,2840,0330,000,0000,8097100
9035,64203,0000,10,209,00,2840,0330,000,0000,568200
9035,64203,0000,10,218,00,2840,0330,000,0000,574033
9035,64203,0000,10,238,00,2225,0330,000,0000,194749
9035,64203,0000,10,239,00,2225,0330,000,0000,240919
9035,64203,0000,10,505,00,2231,0330,000,3130,34000
9035,64203,0000,10,523,00,2161,0330,000,3130,7992000
9035,64203,0000,10,523,00,2162,0330,000,3130,8495250
9035,64203,0000,10,607,00,2210,0330,000,0000,524744
9035,64203,0000,10,615,00,2213,0330,000,3150,225000
9035,64203,0000,10,616,00,2830,0330,000,0000,1195274
9035,64203,0000,10,625,00,2213,0330,000,3150,2199373
9035,64203,0000,10,643,00,2210,0330,000,0000,1438659
9035,64203,0000,10,647,00,2100,0330,000,3224,609000
9035,64203,0000,10,648,00,2210,0330,000,0000,720192
9035,64203,0000,10,652,00,2210,0330,000,3204,0
9035,64203,0000,10,652,31,2210,0330,000,3204,1894140
9035,64203,0000,10,685,00,2210,0330,000,0000,1858888
9035,64203,0000,10,687,00,2300,0330,000,0000,1048708
9035,64203,0000,10,705,00,2800,0330,000,4011,15860
9035,64203,0000,10,101,00,2315,0331,000,0000,10500
9035,64203,0000,10,174,00,2315,0331,000,0000,385000
9035,64203,0000,10,505,00,2231,0331,000,3130,1592368
9035,64203,0000,10,101,00,2317,0332,000,0000,1750000
9035,64203,0000,10,101,00,2300,0334,000,0000,70000
9035,64203,0000,10,206,00,2840,0334,000,0000,1192248
9035,64203,0000,10,239,00,2225,0334,000,0000,0
9035,64203,0000,10,652,00,2210,0334,000,3204,0
9035,64203,0000,10,652,31,2210,0334,000,3204,4245452
9035,64203,0000,10,652,32,2210,0334,000,3204,4602150
9035,64203,0000,10,652,33,2210,0334,000,3204,4602666
9035,64203,0000,10,607,00,2210,0337,000,0000,100000
9035,64203,0000,10,616,00,2830,0337,000,0000,2499250
9035,64203,0000,10,238,00,2225,0338,000,0000,1914654
9035,64203,0000,10,239,00,2225,0338,000,0000,625364
9035,64203,0000,10,616,00,2830,0339,000,0000,234286
9035,64203,0000,10,239,00,2225,0340,000,0000,500000
9035,64203,0000,10,652,33,2210,0340,000,3204,300000
9035,64203,0000,10,101,00,2600,0421,000,0000,507039
9035,64203,0000,10,101,00,2600,0423,000,0000,2462150
9035,64203,0000,10,101,00,2600,0430,000,0000,1753078
9035,64203,0000,10,103,00,2600,0430,000,0000,4500
9035,64203,0000,10,107,00,2600,0430,000,0000,307221
9035,64203,0000,10,121,00,2600,0430,000,0000,0
9035,64203,0000,10,125,00,2300,0430,000,0000,0
9035,64203,0000,10,125,00,2600,0430,000,0000,0
9035,64203,0000,10,172,00,2220,0430,000,0000,41586
9035,64203,0000,10,218,00,2840,0430,000,0000,12400
9035,64203,0000,10,504,00,2231,0430,000,3130,19735
9035,64203,0000,10,508,00,2600,0430,000,3130,474337
9035,64203,0000,10,524,00,2150,0430,000,3130,327528
9035,64203,0000,10,687,00,2300,0430,000,0000,90737
9035,64203,0000,10,103,00,2600,0440,000,0000,12476460
9035,64203,0000,10,206,00,2840,0440,000,0000,22637942
9035,64203,0000,10,508,00,2600,0440,000,3130,2219000
9035,64203,0000,10,509,00,2100,0440,000,5126,2377500
9035,64203,0000,10,517,00,2194,0440,000,3130,0
9035,64203,0000,10,517,00,2195,0440,000,3130,0
9035,64203,0000,10,524,00,2150,0440,000,3130,7600
9035,64203,0000,10,687,00,2300,0440,000,0000,1480979
9035,64203,0000,10,705,00,2113,0440,000,4011,110903
9035,64203,0000,10,705,00,2120,0440,000,4011,124500
9035,64203,0000,10,504,00,2231,0441,000,4027,40000
9035,64203,0000,10,705,00,2800,0490,000,4011,160000
9035,64203,0000,10,518,00,1790,0510,000,3130,36000
9035,64203,0000,10,518,00,1790,0513,000,3130,61099
9035,64203,0000,10,101,00,2850,0520,000,0000,2120000
9035,64203,0000,10,101,00,2850,0525,000,0000,132700
9035,64203,0000,10,101,00,2850,0526,000,0000,3561100
9035,64203,0000,10,101,00,2300,0530,000,0000,4896
9035,64203,0000,10,101,00,2300,0531,000,0000,1829910
9035,64203,0000,10,218,00,2840,0531,000,0000,11979
9035,64203,0000,10,230,00,2840,0531,000,0000,77414
9035,64203,0000,10,238,00,2225,0531,000,0000,243646
9035,64203,0000,10,239,00,2225,0531,000,0000,229816
9035,64203,0000,10,504,00,2231,0531,000,3130,630098
9035,64203,0000,10,504,00,2231,0531,000,5126,150000
9035,64203,0000,10,509,00,2100,0531,000,5126,240000
9035,64203,0000,10,517,00,2194,0531,000,3130,0
9035,64203,0000,10,518,00,1790,0531,000,3130,158236
9035,64203,0000,10,607,00,2210,0531,000,0000,8157
9035,64203,0000,10,615,00,2213,0531,000,3150,31140
9035,64203,0000,10,616,00,2830,0531,000,0000,6211
9035,64203,0000,10,687,00,2300,0531,000,0000,270859
9035,64203,0000,10,705,00,2113,0531,000,4011,489082
9035,64203,0000,10,705,00,2210,0531,000,4011,70001
9035,64203,0000,10,705,00,2800,0531,000,4011,94116
9035,64203,0000,10,705,00,3300,0531,000,4011,113035
9035,64203,0000,10,730,00,2113,0531,000,5196,17000
9035,64203,0000,10,101,00,2600,0532,000,0000,128381
9035,64203,0000,10,101,00,2300,0533,000,0000,85861
9035,64203,0000,10,120,00,2600,0533,000,0000,0
9035,64203,0000,10,205,00,2840,0533,000,0000,288
9035,64203,0000,10,206,00,2840,0533,000,0000,144
9035,64203,0000,10,218,00,2840,0533,000,0000,3316
9035,64203,0000,10,230,00,2840,0533,000,0000,625
9035,64203,0000,10,239,00,2225,0533,000,0000,1728
9035,64203,0000,10,504,00,2231,0533,000,3130,77087
9035,64203,0000,10,607,00,2210,0533,000,0000,19799
9035,64203,0000,10,615,00,2213,0533,000,3150,7048
9035,64203,0000,10,616,00,2830,0533,000,0000,7888
9035,64203,0000,10,652,00,2210,0533,000,3204,0
9035,64203,0000,10,652,31,2210,0533,000,3204,720
9035,64203,0000,10,652,32,2210,0533,000,3204,240
9035,64203,0000,10,652,33,2210,0533,000,3204,432
9035,64203,0000,10,685,00,2210,0533,000,0000,48
9035,64203,0000,10,687,00,2300,0533,000,0000,18832
9035,64203,0000,10,705,00,2113,0533,000,4011,4179
9035,64203,0000,10,705,00,2210,0533,000,4011,13277
9035,64203,0000,10,705,00,2800,0533,000,4011,59200
9035,64203,0000,10,730,00,2110,0533,000,5196,0
9035,64203,0000,10,731,00,2113,0533,000,0000,94
9035,64203,0000,10,218,00,2840,0534,000,0000,794040
9035,64203,0000,10,705,00,2113,0534,000,4011,248247
9035,64203,0000,10,705,00,2210,0534,000,4011,46765
9035,64203,0000,10,705,00,2800,0534,000,4011,44799
9035,64203,0000,10,705,00,3300,0534,000,4011,89598
9035,64203,0000,10,730,00,2113,0534,000,5196,30000
9035,64203,0000,10,101,00,2300,0540,000,0000,32155
9035,64203,0000,10,504,00,2231,0540,000,3130,80209
9035,64203,0000,10,509,00,2100,0540,000,5126,6500
9035,64203,0000,10,101,00,2300,0550,000,0000,281214
9035,64203,0000,10,101,00,2600,0550,000,0000,79575
9035,64203,0000,10,172,00,2220,0550,000,0000,5010
9035,64203,0000,10,218,00,2840,0550,000,0000,8711
9035,64203,0000,10,504,00,2231,0550,000,3130,573929
9035,64203,0000,10,505,00,2231,0550,000,3130,250000
9035,64203,0000,10,509,00,2100,0550,000,5126,81538
9035,64203,0000,10,607,00,2210,0550,000,0000,189142
9035,64203,0000,10,615,00,2213,0550,000,3150,19280
9035,64203,0000,10,616,00,2830,0550,000,0000,322020
9035,64203,0000,10,652,00,2210,0550,000,3204,48325
9035,64203,0000,10,652,31,2210,0550,000,3204,32475
9035,64203,0000,10,705,00,2800,0550,000,4011,451013
9035,64203,0000,10,502,00,1700,0560,000,3130,2100000
9035,64203,0000,10,508,00,1799,0560,000,3130,1465407
9035,64203,0000,10,508,00,1799,0560,000,4027,0
9035,64203,0000,10,508,70,1799,0560,000,3130,5163613
9035,64203,0000,10,508,72,1799,0560,000,3130,4569010
9035,64203,0000,10,508,73,1799,0560,000,3130,19716560
9035,64203,0000,10,508,74,1799,0560,000,3130,15271391
9035,64203,0000,10,516,00,1791,0560,000,3130,11141165
9035,64203,0000,10,685,00,2210,0560,000,0000,66277200
9035,64203,0000,10,705,00,2120,0560,000,4011,37500
9035,64203,0000,10,508,72,1799,0569,000,3130,329187
9035,64203,0000,10,101,00,2300,0580,000,0000,169622
9035,64203,0000,10,145,30,2200,0580,000,4048,8234
9035,64203,0000,10,145,69,2200,0580,000,4048,124496
9035,64203,0000,10,145,71,2200,0580,000,4048,116100
9035,64203,0000,10,145,72,2200,0580,000,4048,84300
9035,64203,0000,10,145,73,2200,0580,000,4048,257676
9035,64203,0000,10,145,74,2200,0580,000,4048,46700
9035,64203,0000,10,145,75,2200,0580,000,4048,219293
9035,64203,0000,10,145,76,2200,0580,000,4048,15500
9035,64203,0000,10,145,77,2200,0580,000,4048,326066
9035,64203,0000,10,145,79,2200,0580,000,4048,129031
9035,64203,0000,10,145,88,2200,0580,000,4048,52800
9035,64203,0000,10,205,00,2840,0580,000,0000,131617
9035,64203,0000,10,218,00,2840,0580,000,0000,2600
9035,64203,0000,10,504,00,2231,0580,000,3130,197743
9035,64203,0000,10,504,00,2231,0580,000,4027,149000
9035,64203,0000,10,509,00,2100,0580,000,5126,382048
9035,64203,0000,10,510,00,2134,0580,000,0000,13500
9035,64203,0000,10,516,00,1791,0580,000,3130,19900
9035,64203,0000,10,518,00,1790,0580,000,3130,9200
9035,64203,0000,10,520,00,1770,0580,000,3130,100500
9035,64203,0000,10,521,00,2113,0580,000,3130,22400
9035,64203,0000,10,523,00,2161,0580,000,3130,33900
9035,64203,0000,10,535,68,1791,0580,000,3130,234000
9035,64203,0000,10,607,00,2210,0580,000,0000,143173
9035,64203,0000,10,615,00,2213,0580,000,3150,42791
9035,64203,0000,10,616,00,2830,0580,000,0000,34368
9035,64203,0000,10,625,00,2213,0580,000,3150,25423
9035,64203,0000,10,626,00,2213,0580,000,3228,34186
9035,64203,0000,10,644,00,2100,0580,000,5413,2930
9035,64203,0000,10,652,31,2210,0580,000,3204,55182
9035,64203,0000,10,652,33,2210,0580,000,3204,468900
9035,64203,0000,10,705,00,1500,0580,000,4011,2647826
9035,64203,0000,10,705,00,2113,0580,000,4011,508358
9035,64203,0000,10,705,00,2210,0580,000,4011,401110
9035,64203,0000,10,705,00,2800,0580,000,4011,1187862
9035,64203,0000,10,705,00,2890,0580,000,4011,1823749
9035,64203,0000,10,705,00,3300,0580,000,4011,382690
9035,64203,0000,10,705,00,3350,0580,000,4011,13400
9035,64203,0000,10,715,00,2800,0580,000,4010,1300
9035,64203,0000,10,730,00,2113,0580,000,5196,334258
9035,64203,0000,10,731,00,2113,0580,000,0000,540717
9035,64203,0000,10,101,00,2300,0583,000,0000,143524
9035,64203,0000,10,125,00,2300,0583,000,0000,0
9035,64203,0000,10,145,30,2200,0583,000,4048,4090
9035,64203,0000,10,172,00,2220,0583,000,0000,15972
9035,64203,0000,10,205,00,2840,0583,000,0000,176178
9035,64203,0000,10,218,00,2840,0583,000,0000,116502
9035,64203,0000,10,230,00,2840,0583,000,0000,139514
9035,64203,0000,10,238,00,2225,0583,000,0000,27625
9035,64203,0000,10,502,00,1700,0583,000,3130,171095
9035,64203,0000,10,504,00,2231,0583,000,3130,783407
9035,64203,0000,10,505,00,1720,0583,000,3130,354088
9035,64203,0000,10,505,00,1730,0583,000,3130,563254
9035,64203,0000,10,505,00,2231,0583,000,3130,257334
9035,64203,0000,10,509,00,2100,0583,000,5126,1452594
9035,64203,0000,10,510,00,2134,0583,000,0000,110867
9035,64203,0000,10,516,00,1791,0583,000,3130,713195
9035,64203,0000,10,516,00,2100,0583,000,3130,209868
9035,64203,0000,10,518,00,1790,0583,000,3130,1344
9035,64203,0000,10,520,00,1770,0583,000,3130,1610512
9035,64203,0000,10,521,00,2113,0583,000,3130,969718
9035,64203,0000,10,522,00,2140,0583,000,3130,1356744
9035,64203,0000,10,523,00,2161,0583,000,3130,1042801
9035,64203,0000,10,524,00,2150,0583,000,3130,204157
9035,64203,0000,10,525,00,2194,0583,000,3130,400785
9035,64203,0000,10,607,00,2210,0583,000,0000,229018
9035,64203,0000,10,615,00,2213,0583,000,3150,130509
9035,64203,0000,10,616,00,2830,0583,000,0000,827471
9035,64203,0000,10,625,00,2213,0583,000,3150,22176
9035,64203,0000,10,626,00,2213,0583,000,3228,17868
9035,64203,0000,10,643,00,2210,0583,000,0000,7661
9035,64203,0000,10,644,00,0500,0583,000,5413,12415
9035,64203,0000,10,648,00,2210,0583,000,0000,133452
9035,64203,0000,10,652,00,2210,0583,000,3204,0
9035,64203,0000,10,652,31,2210,0583,000,3204,58238
9035,64203,0000,10,652,32,2210,0583,000,3204,79152
9035,64203,0000,10,652,33,2210,0583,000,3204,115260
9035,64203,0000,10,685,00,2210,0583,000,0000,52503
9035,64203,0000,10,687,00,2300,0583,000,0000,40405
9035,64203,0000,10,705,00,2113,0583,000,4011,1542209
9035,64203,0000,10,705,00,2210,0583,000,4011,501717
9035,64203,0000,10,705,00,2800,0583,000,4011,971682
9035,64203,0000,10,705,00,3300,0583,000,4011,304262
9035,64203,0000,10,705,00,0500,0583,000,4011,4674
9035,64203,0000,10,715,00,2800,0583,000,4010,47508
9035,64203,0000,10,722,00,2800,0583,000,4367,10284
9035,64203,0000,10,725,00,2210,0583,000,4365,0
9035,64203,0000,10,730,00,2113,0583,000,5196,20000
9035,64203,0000,10,731,00,2113,0583,000,0000,20112
9035,64203,0000,10,504,00,2231,0591,000,4027,151546
9035,64203,0000,10,508,73,1799,0591,000,3130,4140100
9035,64203,0000,10,508,74,1799,0591,000,3130,2725700
9035,64203,0000,10,520,73,1770,0591,000,3130,3892400
9035,64203,0000,10,526,79,2100,0591,000,3130,9968000
9035,64203,0000,10,646,00,2660,0591,000,7738,539598
9035,64203,0000,10,647,00,2100,0591,000,3224,145000
9035,64203,0000,10,649,00,2210,0591,000,5184,0
9035,64203,0000,10,649,00,2510,0591,000,5184,0
9035,64203,0000,10,652,31,2210,0591,000,3204,950000
9035,64203,0000,10,652,32,2210,0591,000,3204,600000
9035,64203,0000,10,652,33,2210,0591,000,3204,900000
9035,64203,0000,10,686,00,2510,0591,000,3183,500000
9035,64203,0000,10,705,68,2100,0591,001,4011,409819
9035,64203,0000,10,705,70,2100,0591,001,4011,1873305
9035,64203,0000,10,705,71,2100,0591,001,4011,0
9035,64203,0000,10,705,73,2100,0591,001,4011,539440
9035,64203,0000,10,705,80,2100,0591,001,4011,2932121
9035,64203,0000,10,705,82,2100,0591,001,4011,624744
9035,64203,0000,10,705,84,2100,0591,001,4011,17351443
9035,64203,0000,10,705,85,2100,0591,001,4011,5381600
9035,64203,0000,10,705,86,2100,0591,001,4011,2221895
9035,64203,0000,10,705,87,2100,0591,001,4011,4796229
9035,64203,0000,10,705,68,2100,0591,002,4011,183881
9035,64203,0000,10,705,70,2100,0591,002,4011,742114
9035,64203,0000,10,705,71,2100,0591,002,4011,0
9035,64203,0000,10,705,73,2100,0591,002,4011,97310
9035,64203,0000,10,705,80,2100,0591,002,4011,1250974
9035,64203,0000,10,705,82,2100,0591,002,4011,123481
9035,64203,0000,10,705,84,2100,0591,002,4011,5820676
9035,64203,0000,10,705,85,2100,0591,002,4011,1835428
9035,64203,0000,10,705,86,2100,0591,002,4011,1023721
9035,64203,0000,10,705,87,2100,0591,002,4011,2076308
9035,64203,0000,10,705,84,2100,0591,003,4011,122657
9035,64203,0000,10,705,86,2100,0591,003,4011,0
9035,64203,0000,10,705,70,2100,0591,005,4011,96938
9035,64203,0000,10,705,73,2100,0591,005,4011,18000
9035,64203,0000,10,705,80,2100,0591,005,4011,57603
9035,64203,0000,10,705,82,2100,0591,005,4011,179406
9035,64203,0000,10,705,84,2100,0591,005,4011,229399
9035,64203,0000,10,705,85,2100,0591,005,4011,188328
9035,64203,0000,10,705,86,2100,0591,005,4011,0
9035,64203,0000,10,705,73,2100,0591,006,4011,70312
9035,64203,0000,10,705,80,2100,0591,006,4011,22072
9035,64203,0000,10,705,82,2100,0591,006,4011,37221
9035,64203,0000,10,705,84,2100,0591,006,4011,1946262
9035,64203,0000,10,705,85,2100,0591,006,4011,9447
9035,64203,0000,10,705,86,2100,0591,006,4011,0
9035,64203,0000,10,705,84,2100,0591,007,4011,370400
9035,64203,0000,10,705,85,2100,0591,007,4011,9874
9035,64203,0000,10,705,82,2100,0591,008,4011,126500
9035,64203,0000,10,705,73,2210,0591,005,4011,80847
9035,64203,0000,10,705,80,2210,0591,005,4011,0
9035,64203,0000,10,705,87,2210,0591,005,4011,0
9035,64203,0000,10,705,80,0500,0591,001,4011,470102
9035,64203,0000,10,705,84,0500,0591,001,4011,468500
9035,64203,0000,10,705,85,0500,0591,001,4011,628891
9035,64203,0000,10,705,87,0500,0591,001,4011,5023720
9035,64203,0000,10,705,80,0500,0591,002,4011,88609
9035,64203,0000,10,705,84,0500,0591,002,4011,92512
9035,64203,0000,10,705,85,0500,0591,002,4011,127514
9035,64203,0000,10,705,87,0500,0591,002,4011,1001634
9035,64203,0000,10,705,85,0500,0591,003,4011,87600
9035,64203,0000,10,705,80,0500,0591,005,4011,0
9035,64203,0000,10,705,80,0500,0591,006,4011,7900
9035,64203,0000,10,705,84,0500,0591,006,4011,357751
9035,64203,0000,10,705,85,0500,0591,006,4011,43437
9035,64203,0000,10,705,86,0500,0591,006,4011,65295
9035,64203,0000,10,705,87,0500,0591,006,4011,113280
9035,64203,0000,10,705,80,0500,0591,008,4011,30216
9035,64203,0000,10,705,85,0500,0591,008,4011,203581
9035,64203,0000,10,715,70,2210,0591,001,4010,3073700
9035,64203,0000,10,715,75,2210,0591,001,4010,452300
9035,64203,0000,10,715,70,2210,0591,002,4010,912269
9035,64203,0000,10,715,75,2210,0591,002,4010,43900
9035,64203,0000,10,715,77,2210,0591,006,4010,0
9035,64203,0000,10,715,75,3300,0591,001,4010,142300
9035,64203,0000,10,715,75,3300,0591,002,4010,7500
9035,64203,0000,10,715,69,3300,0591,006,9202,10000
9035,64203,0000,10,715,75,3300,0591,006,9202,10000
9035,64203,0000,10,715,76,3300,0591,006,9202,10000
9035,64203,0000,10,715,77,3300,0591,006,4010,0
9035,64203,0000,10,715,69,0500,0591,001,4010,921400
9035,64203,0000,10,715,70,0500,0591,001,4010,19868300
9035,64203,0000,10,715,73,0500,0591,001,4010,0
9035,64203,0000,10,715,75,0500,0591,001,4010,717500
9035,64203,0000,10,715,76,0500,0591,001,4010,1537200
9035,64203,0000,10,715,77,0500,0591,001,4010,5046159
9035,64203,0000,10,715,79,0500,0591,001,4010,14052422
9035,64203,0000,10,715,88,0500,0591,001,4010,7709706
9035,64203,0000,10,715,95,0500,0591,001,4010,2392000
9035,64203,0000,10,715,70,0500,0591,002,4010,323300
9035,64203,0000,10,715,73,0500,0591,002,4010,0
9035,64203,0000,10,715,75,0500,0591,002,4010,0
9035,64203,0000,10,715,76,0500,0591,002,4010,26500
9035,64203,0000,10,715,77,0500,0591,002,4010,2111912
9035,64203,0000,10,715,79,0500,0591,002,4010,4075488
9035,64203,0000,10,715,88,0500,0591,002,4010,610110
9035,64203,0000,10,715,73,0500,0591,006,4010,0
9035,64203,0000,10,715,77,0500,0591,006,4010,366507
9035,64203,0000,10,715,77,0500,0591,007,4010,948578
9035,64203,0000,10,715,73,0500,0591,958,4010,0
9035,64203,0000,10,715,95,0500,0591,958,4010,7232167
9035,64203,0000,10,722,73,2200,0591,001,4367,1916720
9035,64203,0000,10,722,69,2210,0591,001,4367,50000
9035,64203,0000,10,722,70,2210,0591,001,4367,364000
9035,64203,0000,10,722,75,2210,0591,001,4367,347600
9035,64203,0000,10,722,76,2210,0591,001,4367,523200
9035,64203,0000,10,722,77,2210,0591,001,4367,400524
9035,64203,0000,10,722,79,2210,0591,001,4367,3105669
9035,64203,0000,10,722,88,2210,0591,001,4367,1038856
9035,64203,0000,10,722,70,2210,0591,002,4367,72072
9035,64203,0000,10,722,79,2210,0591,002,4367,888221
9035,64203,0000,10,722,88,2210,0591,002,4367,164801
9035,64203,0000,10,722,70,2210,0591,003,4367,4835669
9035,64203,0000,10,722,88,2210,0591,003,4367,326000
9035,64203,0000,10,722,69,2210,0591,005,4367,597200
9035,64203,0000,10,722,77,2210,0591,006,4367,164410
9035,64203,0000,10,725,71,2100,0591,001,4365,0
9035,64203,0000,10,725,74,2100,0591,001,4365,64426
9035,64203,0000,10,725,71,2100,0591,002,4365,0
9035,64203,0000,10,725,74,2100,0591,002,4365,10545
9035,64203,0000,10,725,74,2100,0591,003,4365,20000
9035,64203,0000,10,725,69,2100,0591,006,4365,6200
9035,64203,0000,10,725,73,2100,0591,006,4365,226380
9035,64203,0000,10,725,74,2100,0591,006,4365,173625
9035,64203,0000,10,725,75,2100,0591,006,4365,9400
9035,64203,0000,10,725,76,2100,0591,006,4365,16100
9035,64203,0000,10,725,71,2210,0591,001,4365,548524
9035,64203,0000,10,725,74,2210,0591,001,4365,100000
9035,64203,0000,10,725,71,2210,0591,002,4365,122876
9035,64203,0000,10,725,74,2210,0591,002,4365,19441
9035,64203,0000,10,725,73,2210,0591,005,4365,0
9035,64203,0000,10,725,68,0500,0591,001,4365,268922
9035,64203,0000,10,725,70,0500,0591,001,4365,1464075
9035,64203,0000,10,725,78,0500,0591,001,4365,580456
9035,64203,0000,10,725,79,0500,0591,001,4365,1039634
9035,64203,0000,10,725,83,0500,0591,001,4365,291924
9035,64203,0000,10,725,88,0500,0591,001,4365,483200
9035,64203,0000,10,725,68,0500,0591,002,4365,112576
9035,64203,0000,10,725,70,0500,0591,002,4365,491900
9035,64203,0000,10,725,78,0500,0591,002,4365,348044
9035,64203,0000,10,725,83,0500,0591,002,4365,57276
9035,64203,0000,10,725,88,0500,0591,002,4365,0
9035,64203,0000,10,725,74,0500,0591,005,4365,121185
9035,64203,0000,10,725,73,0500,0591,006,4365,0
9035,64203,0000,10,725,74,0500,0591,006,4365,152446
9035,64203,0000,10,725,79,0500,0591,006,4365,0
9035,64203,0000,10,733,88,0500,0591,001,7365,280400
9035,64203,0000,10,733,88,0500,0591,002,7365,0
9035,64203,0000,10,508,00,1799,0592,000,3130,3250
9035,64203,0000,10,705,25,2100,0592,001,4011,2510000
9035,64203,0000,10,705,40,2100,0592,001,4011,2844400
9035,64203,0000,10,705,25,2100,0592,002,4011,1257446
9035,64203,0000,10,705,40,2100,0592,002,4011,1292451
9035,64203,0000,10,705,25,2100,0592,003,4011,32750
9035,64203,0000,10,705,25,2100,0592,005,4011,1237072
9035,64203,0000,10,705,40,2100,0592,005,4011,910041
9035,64203,0000,10,705,25,2100,0592,006,4011,462732
9035,64203,0000,10,705,40,2100,0592,006,4011,40258
9035,64203,0000,10,705,40,0500,0592,001,4011,557865
9035,64203,0000,10,705,40,0500,0592,002,4011,109028
9035,64203,0000,10,705,40,0500,0592,006,4011,164428
9035,64203,0000,10,646,00,2660,0599,000,0000,0
9035,64203,0000,10,646,00,2660,0599,000,7738,2086800
9035,64203,0000,10,101,00,2300,0610,000,0000,892033
9035,64203,0000,10,101,00,2600,0610,000,0000,54356
9035,64203,0000,10,121,00,2600,0610,000,0000,0
9035,64203,0000,10,145,69,2200,0610,000,4048,61859
9035,64203,0000,10,145,73,2200,0610,000,4048,144442
9035,64203,0000,10,145,75,2200,0610,000,4048,16892
9035,64203,0000,10,145,76,2200,0610,000,4048,225037
9035,64203,0000,10,145,77,2200,0610,000,4048,175637
9035,64203,0000,10,145,88,2200,0610,000,4048,223071
9035,64203,0000,10,172,00,2220,0610,000,0000,453
9035,64203,0000,10,205,00,2840,0610,000,0000,9024
9035,64203,0000,10,218,00,2840,0610,000,0000,91676
9035,64203,0000,10,238,00,2225,0610,000,0000,12632
9035,64203,0000,10,504,00,2231,0610,000,3130,189462
9035,64203,0000,10,504,00,2231,0610,000,5126,1900
9035,64203,0000,10,505,00,2231,0610,000,3130,948
9035,64203,0000,10,509,00,2100,0610,000,5126,455008
9035,64203,0000,10,510,00,2134,0610,000,0000,7200
9035,64203,0000,10,516,00,1791,0610,000,3130,24517
9035,64203,0000,10,518,00,1790,0610,000,3130,48973
9035,64203,0000,10,520,00,1770,0610,000,3130,18571
9035,64203,0000,10,522,00,2140,0610,000,3130,11785
9035,64203,0000,10,523,00,2161,0610,000,3130,246309
9035,64203,0000,10,524,00,2150,0610,000,3130,13323
9035,64203,0000,10,525,00,2194,0610,000,3130,50928
9035,64203,0000,10,607,00,2210,0610,000,0000,140410
9035,64203,0000,10,613,00,2213,0610,000,0000,54000
9035,64203,0000,10,615,00,2213,0610,000,3150,14347
9035,64203,0000,10,616,00,2830,0610,000,0000,67618
9035,64203,0000,10,626,00,2213,0610,000,3228,1300
9035,64203,0000,10,644,00,0500,0610,000,5413,1140973
9035,64203,0000,10,644,00,2100,0610,000,5413,301180
9035,64203,0000,10,652,00,2210,0610,000,3204,0
9035,64203,0000,10,652,31,2210,0610,000,3204,52150
9035,64203,0000,10,652,32,2210,0610,000,3204,20006
9035,64203,0000,10,652,33,2210,0610,000,3204,97591
9035,64203,0000,10,685,00,2210,0610,000,0000,28524
9035,64203,0000,10,687,00,2300,0610,000,0000,245416
9035,64203,0000,10,705,00,0051,0610,000,4011,10450
9035,64203,0000,10,705,00,0500,0610,000,4011,9000
9035,64203,0000,10,705,05,0500,0610,000,4011,131077
9035,64203,0000,10,705,00,2100,0610,000,4011,-300000
9035,64203,0000,10,705,05,2100,0610,000,4011,1038678
9035,64203,0000,10,705,00,2113,0610,000,4011,5110201
9035,64203,0000,10,705,00,2120,0610,000,4011,452788
9035,64203,0000,10,705,00,2210,0610,000,4011,724545
9035,64203,0000,10,705,05,2210,0610,000,4011,0
9035,64203,0000,10,705,00,2800,0610,000,4011,1149858
9035,64203,0000,10,705,00,3300,0610,000,4011,808113
9035,64203,0000,10,705,00,3350,0610,000,4011,3632
9035,64203,0000,10,730,00,2113,0610,000,5196,70167
9035,64203,0000,10,731,00,2113,0610,000,0000,573581
9035,64203,0000,10,770,00,2300,0610,000,0000,7322
9035,64203,0000,10,504,00,2231,0611,000,3130,969
9035,64203,0000,10,520,00,1770,0611,000,3130,26254
9035,64203,0000,10,521,00,2113,0611,000,3130,9000
9035,64203,0000,10,522,00,2140,0611,000,3130,91678
9035,64203,0000,10,523,00,2161,0611,000,3130,19345
9035,64203,0000,10,626,00,2213,0611,000,3228,413558
9035,64203,0000,10,101,00,2600,0613,000,0000,204419
9035,64203,0000,10,705,00,3350,0617,000,4011,167958
9035,64203,0000,10,101,00,2600,0620,000,0000,4212464
9035,64203,0000,10,172,00,2220,0620,000,0000,164364
9035,64203,0000,10,517,00,2194,0620,000,3130,0
9035,64203,0000,10,101,00,2300,0640,000,0000,70180
9035,64203,0000,10,145,69,2200,0640,000,4048,792599
9035,64203,0000,10,145,71,2200,0640,000,4048,975781
9035,64203,0000,10,145,72,2200,0640,000,4048,1265763
9035,64203,0000,10,145,73,2200,0640,000,4048,584237
9035,64203,0000,10,145,74,2200,0640,000,4048,708099
9035,64203,0000,10,145,75,2200,0640,000,4048,809129
9035,64203,0000,10,145,76,2200,0640,000,4048,514902
9035,64203,0000,10,145,77,2200,0640,000,4048,310883
9035,64203,0000,10,145,79,2200,0640,000,4048,853862
9035,64203,0000,10,145,88,2200,0640,000,4048,468771
9035,64203,0000,10,504,00,2231,0640,000,3130,8159
9035,64203,0000,10,615,00,2213,0640,000,3150,59049
9035,64203,0000,10,616,00,2830,0640,000,0000,149835
9035,64203,0000,10,652,00,2210,0640,000,3204,0
9035,64203,0000,10,652,31,2210,0640,000,3204,364956
9035,64203,0000,10,652,32,2210,0640,000,3204,224400
9035,64203,0000,10,652,33,2210,0640,000,3204,2179048
9035,64203,0000,10,687,00,2300,0640,000,0000,5143
9035,64203,0000,10,705,00,0051,0640,000,4011,40490
9035,64203,0000,10,705,00,0500,0640,000,4011,37538
9035,64203,0000,10,705,05,0500,0640,000,4011,8418
9035,64203,0000,10,705,05,2100,0640,000,4011,139996
9035,64203,0000,10,705,00,2113,0640,000,4011,2398
9035,64203,0000,10,705,00,2210,0640,000,4011,2985
9035,64203,0000,10,705,00,2800,0640,000,4011,131714
9035,64203,0000,10,705,00,3300,0640,000,4011,23329
9035,64203,0000,10,730,00,2113,0640,000,5196,1712
9035,64203,0000,10,509,00,2100,0650,000,5126,7500
9035,64203,0000,10,705,00,2113,0650,000,4011,86101
9035,64203,0000,10,705,00,2800,0650,000,4011,777041
9035,64203,0000,10,705,00,3300,0650,000,4011,29136
9035,64203,0000,10,206,00,2840,0651,000,0000,2135920
9035,64203,0000,10,218,00,2840,0651,000,0000,109379
9035,64203,0000,10,238,00,2225,0651,000,0000,17265
9035,64203,0000,10,239,00,2225,0651,000,0000,397295
9035,64203,0000,10,504,00,2231,0651,000,4027,280000
9035,64203,0000,10,516,00,1791,0651,000,3130,3980
9035,64203,0000,10,607,00,2210,0651,000,0000,13970
9035,64203,0000,10,218,00,2840,0652,000,0000,233072
9035,64203,0000,10,238,00,2225,0652,000,0000,209427
9035,64203,0000,10,616,00,2830,0652,000,0000,250000
9035,64203,0000,10,687,00,2300,0652,000,0000,-78936
9035,64203,0000,10,238,00,2225,0655,000,0000,112338
9035,64203,0000,10,239,00,2225,0655,000,0000,576000
9035,64203,0000,10,705,00,2113,0690,000,4011,3865509
9035,64203,0000,10,504,00,2231,0730,000,3130,28397
9035,64203,0000,10,518,00,1790,0730,000,3130,14526
9035,64203,0000,10,524,00,2150,0730,000,3130,112489
9035,64203,0000,10,615,00,2213,0730,000,3150,11999
9035,64203,0000,10,101,00,2300,0733,000,0000,140992
9035,64203,0000,10,687,00,2300,0733,000,0000,138830
9035,64203,0000,10,101,00,2300,0734,000,0000,70395
9035,64203,0000,10,206,00,2840,0734,000,0000,150000
9035,64203,0000,10,218,00,2840,0734,000,0000,629967
9035,64203,0000,10,239,00,2225,0734,000,0000,0
9035,64203,0000,10,508,00,1799,0734,000,3130,14799
9035,64203,0000,10,607,00,2210,0734,000,0000,152497
9035,64203,0000,10,616,00,2830,0734,000,0000,9999
9035,64203,0000,10,687,00,2300,0734,000,0000,9398
9035,64203,0000,10,705,00,2113,0734,000,4011,885179
9035,64203,0000,10,705,00,2210,0734,000,4011,99
9035,64203,0000,10,705,00,2800,0734,000,4011,1119773
9035,64203,0000,10,101,00,2300,0735,000,0000,144797
9035,64203,0000,10,686,00,0030,0735,000,3183,160000
9035,64203,0000,10,687,00,2300,0735,000,0000,52866
9035,64203,0000,10,101,00,2300,0810,000,0000,441244
9035,64203,0000,10,218,00,2840,0810,000,0000,9900
9035,64203,0000,10,504,00,2231,0810,000,3130,56500
9035,64203,0000,10,509,00,2100,0810,000,5126,12500
9035,64203,0000,10,510,00,2134,0810,000,0000,25300
9035,64203,0000,10,518,00,1790,0810,000,3130,9900
9035,64203,0000,10,607,00,2210,0810,000,0000,68000
9035,64203,0000,10,705,00,2113,0810,000,4011,9
9035,64203,0000,10,705,00,2210,0810,000,4011,17500
9035,64203,0000,10,705,00,2800,0810,000,4011,81000
9035,64203,0000,10,705,00,3300,0810,000,4011,22537
9035,64203,0000,10,101,00,2300,0815,000,0000,4960
9035,64203,0000,10,502,00,2300,0868,000,3130,14291
9035,64203,0000,10,502,00,2600,0868,000,3130,104700
9035,64203,0000,10,504,00,2600,0868,000,3130,1278000
9035,64203,0000,10,505,00,2600,0868,000,3130,188300
9035,64203,0000,10,508,00,2600,0868,000,3130,2107800
9035,64203,0000,10,510,00,2600,0868,000,3130,0
9035,64203,0000,10,516,00,2600,0868,000,3130,1538000
9035,64203,0000,10,518,00,2600,0868,000,3130,946000
9035,64203,0000,10,520,00,2600,0868,000,3130,546400
9035,64203,0000,10,521,00,2600,0868,000,3130,62400
9035,64203,0000,10,522,00,2600,0868,000,3130,1236600
9035,64203,0000,10,523,00,2600,0868,000,3130,2348737
9035,64203,0000,10,524,00,2600,0868,000,3130,49000
9035,64203,0000,10,525,00,2600,0868,000,3130,21000
9035,64203,0000,10,535,68,2600,0868,000,3130,164400
9035,64203,0000,10,535,72,2600,0868,000,3130,426500
9035,64203,0000,10,535,78,2600,0868,000,3130,56700
9035,64203,0000,10,535,82,2600,0868,000,3130,176127
9035,64203,0000,10,535,87,2600,0868,000,3130,336500
9035,64203,0000,10,652,31,2300,0868,000,3204,993554
9035,64203,0000,10,652,32,2300,0868,000,3204,700000
9035,64203,0000,10,652,33,2300,0868,000,3204,990000
9035,64203,0000,10,145,00,2600,0869,000,4048,510543
9035,64203,0000,10,172,00,2600,0869,000,0000,51900
9035,64203,0000,10,205,00,2600,0869,000,0000,746500
9035,64203,0000,10,206,00,2600,0869,000,0000,1444400
9035,64203,0000,10,209,00,2600,0869,000,0000,32700
9035,64203,0000,10,230,00,2600,0869,000,0000,104700
9035,64203,0000,10,238,00,2600,0869,000,0000,163940
9035,64203,0000,10,504,00,2600,0869,000,4027,989101
9035,64203,0000,10,504,00,2600,0869,000,5126,70946
9035,64203,0000,10,505,00,2600,0869,000,4027,478856
9035,64203,0000,10,509,00,2600,0869,000,5126,1011648
9035,64203,0000,10,510,00,2600,0869,000,0000,145700
9035,64203,0000,10,516,00,2600,0869,000,4173,230994
9035,64203,0000,10,520,00,2600,0869,000,4027,2549253
9035,64203,0000,10,521,00,2600,0869,000,4027,1130160
9035,64203,0000,10,522,00,2600,0869,000,4027,1064773
9035,64203,0000,10,522,00,2600,0869,000,5126,393449
9035,64203,0000,10,523,00,2600,0869,000,4027,886428
9035,64203,0000,10,524,00,2600,0869,000,4027,457181
9035,64203,0000,10,525,00,2600,0869,000,5126,291157
9035,64203,0000,10,607,00,2600,0869,000,0000,356700
9035,64203,0000,10,613,00,2600,0869,000,0000,91000
9035,64203,0000,10,616,00,2600,0869,000,0000,1216700
9035,64203,0000,10,643,00,2600,0869,000,0000,268108
9035,64203,0000,10,644,00,2600,0869,000,5413,564173
9035,64203,0000,10,645,00,2600,0869,000,0000,89936
9035,64203,0000,10,646,00,2600,0869,000,0000,0
9035,64203,0000,10,646,00,2600,0869,000,7738,262602
9035,64203,0000,10,648,00,2600,0869,000,0000,92569
9035,64203,0000,10,685,00,2600,0869,000,0000,2180300
9035,64203,0000,10,687,00,2600,0869,000,0000,952400
9035,64203,0000,10,705,00,2600,0869,000,4011,17484695
9035,64203,0000,10,715,00,2600,0869,000,4010,278309
9035,64203,0000,10,715,69,2600,0869,000,4010,55884
9035,64203,0000,10,715,70,2600,0869,000,4010,1450654
9035,64203,0000,10,715,73,2600,0869,000,4010,577450
9035,64203,0000,10,715,75,2600,0869,000,4010,82410
9035,64203,0000,10,715,76,2600,0869,000,4010,94422
9035,64203,0000,10,715,77,2600,0869,000,4010,508389
9035,64203,0000,10,715,79,2600,0869,000,4010,1087675
9035,64203,0000,10,715,88,2600,0869,000,4010,499189
9035,64203,0000,10,722,00,2600,0869,000,4367,12063
9035,64203,0000,10,722,69,2600,0869,000,4367,38832
9035,64203,0000,10,722,70,2600,0869,000,4367,316304
9035,64203,0000,10,722,73,2600,0869,000,4367,115003
9035,64203,0000,10,722,75,2600,0869,000,4367,20856
9035,64203,0000,10,722,76,2600,0869,000,4367,31392
9035,64203,0000,10,722,77,2600,0869,000,4367,33896
9035,64203,0000,10,722,79,2600,0869,000,4367,239633
9035,64203,0000,10,722,88,2600,0869,000,4367,91779
9035,64203,0000,10,725,00,2600,0869,000,4365,14661
9035,64203,0000,10,725,68,2600,0869,000,4365,7630
9035,64203,0000,10,725,69,2600,0869,000,4365,124
9035,64203,0000,10,725,70,2600,0869,000,4365,39120
9035,64203,0000,10,725,71,2600,0869,000,4365,13428
9035,64203,0000,10,725,73,2600,0869,000,4365,4528
9035,64203,0000,10,725,74,2600,0869,000,4365,13233
9035,64203,0000,10,725,75,2600,0869,000,4365,188
9035,64203,0000,10,725,76,2600,0869,000,4365,322
9035,64203,0000,10,725,78,2600,0869,000,4365,18570
9035,64203,0000,10,725,79,2600,0869,000,4365,20793
9035,64203,0000,10,725,83,2600,0869,000,4365,6984
9035,64203,0000,10,725,88,2600,0869,000,4365,9664
9035,64203,0000,10,730,00,2600,0869,000,5196,232100
9035,64203,0000,10,733,00,2600,0869,000,7365,16800
9035,64203,0000,10,770,00,2100,0870,000,0000,600000
9035,64203,0000,10,101,00,2300,0890,000,0000,6981548
9035,64203,0000,10,205,00,2840,0890,000,0000,449400
9035,64203,0000,10,206,00,2840,0890,000,0000,1078700
9035,64203,0000,10,209,00,2840,0890,000,0000,28000
9035,64203,0000,10,230,00,2840,0890,000,0000,121800
9035,64203,0000,10,504,00,2231,0890,000,3130,7106400
9035,64203,0000,10,607,00,2210,0890,000,0000,651100
9035,64203,0000,10,705,00,2120,0890,000,4011,28577
9035,64203,0000,10,705,00,2113,0890,000,4011,0
9035,64203,0000,10,705,00,2800,0890,000,4011,6020000
9035,64203,0000,10,730,00,2113,0890,000,5196,89590
9035,64203,0000,10,731,00,2113,0890,000,0000,23589
9035,64203,0000,10,509,00,5000,0960,000,3130,16797261
9035,64203,0000,10,101,00,0000,1201,000,0000,488600
9035,64203,0000,10,103,00,0000,1201,000,0000,627500
9035,64203,0000,10,172,00,0000,1201,000,0000,157200
9035,64203,0000,10,174,00,0000,1201,000,0000,107700
9035,64203,0000,10,205,00,0000,1201,000,0000,1188900
9035,64203,0000,10,206,00,0000,1201,000,0000,489000
9035,64203,0000,10,209,00,0000,1201,000,0000,229400
9035,64203,0000,10,502,00,0000,1201,000,0000,106005
9035,64203,0000,10,504,00,0000,1201,000,0000,1476325
9035,64203,0000,10,505,00,0000,1201,000,0000,184205
9035,64203,0000,10,516,00,0000,1201,000,0000,1599800
9035,64203,0000,10,520,00,0000,1201,000,0000,322605
9035,64203,0000,10,521,00,0000,1201,000,0000,58905
9035,64203,0000,10,522,00,0000,1201,000,0000,1557600
9035,64203,0000,10,523,00,0000,1201,000,0000,1452600
9035,64203,0000,10,524,00,0000,1201,000,0000,29355
9035,64203,0000,10,525,00,0000,1201,000,0000,441200
9035,64203,0000,10,607,00,0000,1201,000,0000,182000
9035,64203,0000,10,685,00,0000,1201,000,0000,500000
9035,64203,0000,10,101,00,0000,1202,000,0000,2412700
9035,64203,0000,10,103,00,0000,1202,000,0000,261700
9035,64203,0000,10,172,00,0000,1202,000,0000,67200
9035,64203,0000,10,174,00,0000,1202,000,0000,35800
9035,64203,0000,10,205,00,0000,1202,000,0000,485000
9035,64203,0000,10,230,00,0000,1202,000,0000,280500
9035,64203,0000,10,502,00,0000,1202,000,0000,31700
9035,64203,0000,10,504,00,0000,1202,000,0000,441200
9035,64203,0000,10,505,00,0000,1202,000,0000,55100
9035,64203,0000,10,510,00,0000,1202,000,0000,697501
9035,64203,0000,10,516,00,0000,1202,000,0000,478200
9035,64203,0000,10,520,00,0000,1202,000,0000,96400
9035,64203,0000,10,521,00,0000,1202,000,0000,17600
9035,64203,0000,10,522,00,0000,1202,000,0000,465500
9035,64203,0000,10,523,00,0000,1202,000,0000,434100
9035,64203,0000,10,524,00,0000,1202,000,0000,8800
9035,64203,0000,10,525,00,0000,1202,000,0000,131900
9035,64203,0000,10,607,00,0000,1202,000,0000,182000
9035,64203,0000,10,685,00,0000,1202,000,0000,4000000
9035,64203,0000,10,101,00,0000,1204,000,0000,3012200
9035,64203,0000,10,205,00,0000,1204,000,0000,1828000
9035,64203,0000,10,502,00,0000,1204,000,0000,-44100
9035,64203,0000,10,504,00,0000,1204,000,0000,-615500
9035,64203,0000,10,505,00,0000,1204,000,0000,-76700
9035,64203,0000,10,516,00,0000,1204,000,0000,-666900
9035,64203,0000,10,518,00,0000,1204,000,0000,276668
9035,64203,0000,10,520,00,0000,1204,000,0000,-134500
9035,64203,0000,10,521,00,0000,1204,000,0000,-24600
9035,64203,0000,10,522,00,0000,1204,000,0000,-649300
9035,64203,0000,10,523,00,0000,1204,000,0000,-605500
9035,64203,0000,10,524,00,0000,1204,000,0000,-12200
9035,64203,0000,10,525,00,0000,1204,000,0000,-183900
9035,64203,0000,10,607,00,0000,1204,000,0000,182000
9035,64203,0000,10,685,00,0000,1204,000,0000,12425000
9035,64203,0000,10,687,00,0000,1204,000,0000,10000000
9035,64203,0000,10,101,00,0000,1205,000,0000,686900
9035,64203,0000,10,103,00,0000,1205,000,0000,1053500
9035,64203,0000,10,172,00,0000,1205,000,0000,261800
9035,64203,0000,10,502,00,0000,1205,000,0000,30500
9035,64203,0000,10,504,00,0000,1205,000,0000,425100
9035,64203,0000,10,505,00,0000,1205,000,0000,53000
9035,64203,0000,10,516,00,0000,1205,000,0000,460600
9035,64203,0000,10,520,00,0000,1205,000,0000,92900
9035,64203,0000,10,521,00,0000,1205,000,0000,17000
9035,64203,0000,10,522,00,0000,1205,000,0000,448500
9035,64203,0000,10,523,00,0000,1205,000,0000,418200
9035,64203,0000,10,524,00,0000,1205,000,0000,8500
9035,64203,0000,10,525,00,0000,1205,000,0000,127100
9035,64203,0000,10,685,00,0000,1205,000,0000,1500000
9035,64203,0000,10,101,00,0000,1206,000,0000,567900
9035,64203,0000,10,205,00,0000,1206,000,0000,1432400
9035,64203,0000,10,206,00,0000,1206,000,0000,2459300
9035,64203,0000,10,209,00,0000,1206,000,0000,229400
9035,64203,0000,10,230,00,0000,1206,000,0000,280500
9035,64203,0000,10,535,00,0000,1206,000,0000,1001700
9035,64203,0000,10,607,00,0000,1206,000,0000,182000
9035,64203,0000,10,101,00,0000,1207,000,0000,1000900
9035,64203,0000,10,107,00,0000,1207,000,0000,360000
9035,64203,0000,10,518,00,0000,1207,000,0000,6722836
9035,64203,0000,10,535,00,0000,1207,000,0000,2169600
9035,64203,0000,10,607,00,0000,1207,000,0000,182000
9035,64203,0000,10,687,00,0000,1207,000,0000,6500000
9035,64203,0000,10,101,00,0000,1209,000,0000,2223300
9035,64203,0000,10,103,00,0000,1209,000,0000,1131800
9035,64203,0000,10,172,00,0000,1209,000,0000,281100
9035,64203,0000,10,174,00,0000,1209,000,0000,107700
9035,64203,0000,10,205,00,0000,1209,000,0000,2124900
9035,64203,0000,10,206,00,0000,1209,000,0000,1765500
9035,64203,0000,10,502,00,0000,1209,000,0000,-31100
9035,64203,0000,10,504,00,0000,1209,000,0000,-432630
9035,64203,0000,10,505,00,0000,1209,000,0000,-53905
9035,64203,0000,10,516,00,0000,1209,000,0000,-468805
9035,64203,0000,10,520,00,0000,1209,000,0000,-94500
9035,64203,0000,10,521,00,0000,1209,000,0000,-17300
9035,64203,0000,10,522,00,0000,1209,000,0000,-456530
9035,64203,0000,10,523,00,0000,1209,000,0000,-425730
9035,64203,0000,10,524,00,0000,1209,000,0000,-8600
9035,64203,0000,10,525,00,0000,1209,000,0000,-129300
9035,64203,0000,10,607,00,0000,1209,000,0000,182000
9035,64203,0000,10,685,00,0000,1209,000,0000,30190000
9035,64203,0000,10,508,00,0000,1210,000,0000,358800
9035,64203,0000,10,508,00,0000,1211,000,0000,1127000
9035,64203,0000,10,535,00,0000,1211,000,0000,2500400
9035,64203,0000,10,607,00,0000,1211,000,0000,230000
9035,64203,0000,10,535,00,0000,1212,000,0000,1034600
9035,64203,0000,10,607,00,0000,1212,000,0000,230000
9035,64203,0000,10,101,00,0000,1213,000,0000,311300
9035,64203,0000,10,103,00,0000,1213,000,0000,246800
9035,64203,0000,10,172,00,0000,1213,000,0000,63500
9035,64203,0000,10,174,00,0000,1213,000,0000,35800
9035,64203,0000,10,205,00,0000,1213,000,0000,424600
9035,64203,0000,10,209,00,0000,1213,000,0000,229400
9035,64203,0000,10,230,00,0000,1213,000,0000,280500
9035,64203,0000,10,502,00,0000,1213,000,0000,37900
9035,64203,0000,10,504,00,0000,1213,000,0000,528195
9035,64203,0000,10,505,00,0000,1213,000,0000,65900
9035,64203,0000,10,510,00,0000,1213,000,0000,697445
9035,64203,0000,10,516,00,0000,1213,000,0000,572395
9035,64203,0000,10,520,00,0000,1213,000,0000,115400
9035,64203,0000,10,521,00,0000,1213,000,0000,21100
9035,64203,0000,10,522,00,0000,1213,000,0000,557270
9035,64203,0000,10,523,00,0000,1213,000,0000,519695
9035,64203,0000,10,524,00,0000,1213,000,0000,10500
9035,64203,0000,10,525,00,0000,1213,000,0000,157900
9035,64203,0000,10,607,00,0000,1213,000,0000,182000
9035,64203,0000,10,101,00,0000,1214,000,0000,2053900
9035,64203,0000,10,103,00,0000,1214,000,0000,767900
9035,64203,0000,10,172,00,0000,1214,000,0000,191500
9035,64203,0000,10,174,00,0000,1214,000,0000,107700
9035,64203,0000,10,205,00,0000,1214,000,0000,1479500
9035,64203,0000,10,206,00,0000,1214,000,0000,1765500
9035,64203,0000,10,502,00,0000,1214,000,0000,125510
9035,64203,0000,10,504,00,0000,1214,000,0000,1747900
9035,64203,0000,10,505,00,0000,1214,000,0000,218110
9035,64203,0000,10,516,00,0000,1214,000,0000,1894225
9035,64203,0000,10,520,00,0000,1214,000,0000,381910
9035,64203,0000,10,521,00,0000,1214,000,0000,69810
9035,64203,0000,10,522,00,0000,1214,000,0000,1844200
9035,64203,0000,10,523,00,0000,1214,000,0000,1719800
9035,64203,0000,10,524,00,0000,1214,000,0000,34735
9035,64203,0000,10,525,00,0000,1214,000,0000,522400
9035,64203,0000,10,607,00,0000,1214,000,0000,182000
9035,64203,0000,10,685,00,0000,1214,000,0000,5000000
9035,64203,0000,10,101,00,0000,1216,000,0000,320400
9035,64203,0000,10,103,00,0000,1216,000,0000,266400
9035,64203,0000,10,172,00,0000,1216,000,0000,68300
9035,64203,0000,10,174,00,0000,1216,000,0000,35800
9035,64203,0000,10,205,00,0000,1216,000,0000,504300
9035,64203,0000,10,230,00,0000,1216,000,0000,280500
9035,64203,0000,10,502,00,0000,1216,000,0000,30310
9035,64203,0000,10,504,00,0000,1216,000,0000,422100
9035,64203,0000,10,505,00,0000,1216,000,0000,52705
9035,64203,0000,10,510,00,0000,1216,000,0000,697500
9035,64203,0000,10,516,00,0000,1216,000,0000,457400
9035,64203,0000,10,520,00,0000,1216,000,0000,92205
9035,64203,0000,10,521,00,0000,1216,000,0000,16935
9035,64203,0000,10,522,00,0000,1216,000,0000,445300
9035,64203,0000,10,523,00,0000,1216,000,0000,415300
9035,64203,0000,10,524,00,0000,1216,000,0000,8435
9035,64203,0000,10,525,00,0000,1216,000,0000,126210
9035,64203,0000,10,607,00,0000,1216,000,0000,182000
9035,64203,0000,10,687,00,0000,1216,000,0000,500000
9035,64203,0000,10,101,00,0000,1218,000,0000,5978500
9035,64203,0000,10,206,00,0000,1218,000,0000,13573700
9035,64203,0000,10,508,00,0000,1218,000,0000,2447200
9035,64203,0000,10,607,00,0000,1218,000,0000,182000
9035,64203,0000,10,685,00,0000,1218,000,0000,19700000
9035,64203,0000,10,206,00,0000,1219,000,0000,8663700
9035,64203,0000,10,508,00,0000,1219,000,0000,507000
9035,64203,0000,10,101,00,0000,1220,000,0000,332800
9035,64203,0000,10,205,00,0000,1220,000,0000,526800
9035,64203,0000,10,502,00,0000,1220,000,0000,36300
9035,64203,0000,10,504,00,0000,1220,000,0000,504690
9035,64203,0000,10,505,00,0000,1220,000,0000,63000
9035,64203,0000,10,516,00,0000,1220,000,0000,546840
9035,64203,0000,10,518,00,0000,1220,000,0000,493232
9035,64203,0000,10,520,00,0000,1220,000,0000,110295
9035,64203,0000,10,521,00,0000,1220,000,0000,20200
9035,64203,0000,10,522,00,0000,1220,000,0000,532490
9035,64203,0000,10,523,00,0000,1220,000,0000,496595
9035,64203,0000,10,524,00,0000,1220,000,0000,10000
9035,64203,0000,10,525,00,0000,1220,000,0000,150890
9035,64203,0000,10,607,00,0000,1220,000,0000,182000
9035,64203,0000,10,101,00,0000,1221,000,0000,411500
9035,64203,0000,10,205,00,0000,1221,000,0000,895100
9035,64203,0000,10,502,00,0000,1221,000,0000,37200
9035,64203,0000,10,504,00,0000,1221,000,0000,517300
9035,64203,0000,10,505,00,0000,1221,000,0000,64500
9035,64203,0000,10,516,00,0000,1221,000,0000,560475
9035,64203,0000,10,518,00,0000,1221,000,0000,-1078936
9035,64203,0000,10,520,00,0000,1221,000,0000,113000
9035,64203,0000,10,521,00,0000,1221,000,0000,20700
9035,64203,0000,10,522,00,0000,1221,000,0000,545750
9035,64203,0000,10,523,00,0000,1221,000,0000,508975
9035,64203,0000,10,524,00,0000,1221,000,0000,10300
9035,64203,0000,10,525,00,0000,1221,000,0000,154600
9035,64203,0000,10,607,00,0000,1221,000,0000,182000
9035,64203,0000,10,687,00,0000,1221,000,0000,3000000
9035,64203,0000,10,685,00,0000,1222,000,0000,2000000
9035,64203,0000,10,535,00,0000,1224,000,0000,2807200
9035,64203,0000,10,205,00,0000,1231,000,0000,1350900
9035,64203,0000,10,205,00,0000,1240,000,0000,534400
9035,64203,0000,10,205,00,0000,1241,000,0000,651000
9035,64203,0000,10,607,00,0000,1251,000,0000,230000
9035,64203,0000,10,607,00,0000,1310,000,0000,1645500
9035,64203,0000,10,616,00,0000,1310,000,0000,12530500
9035,64203,0000,10,616,00,0000,1320,000,0000,14496000
9035,64203,0000,10,101,00,0000,1510,000,0000,187476
9035,64203,0000,10,518,00,0000,1840,000,0000,7048800
9035,64203,0000,10,101,00,0000,1900,000,0000,3794068
9035,64203,0000,10,205,00,0000,1900,000,0000,1503375
9035,64203,0000,10,206,00,0000,1900,000,0000,0
9035,64203,0000,10,218,00,0000,1900,000,0000,37500
9035,64203,0000,10,239,00,0000,1900,000,0000,5200000
9035,64203,0000,10,607,00,0000,1900,000,0000,1339852
9035,64203,0000,10,731,00,0000,1900,000,0000,1369105
9035,64203,0000,10,101,00,0000,1904,000,0000,2917692
9035,64203,0000,10,607,00,0000,1906,000,0000,1309000
9035,64203,0000,10,101,00,0000,1910,000,0000,2017500
9035,64203,0000,10,103,00,0000,1910,000,0000,4505376
9035,64203,0000,10,645,00,0000,1920,000,0000,989100
9035,64203,0000,10,770,00,0000,1920,000,0000,650000
9035,64203,0000,10,101,00,0000,1951,000,0000,2822500
9035,64203,0000,10,103,00,0000,1951,000,0000,2219000
9035,64203,0000,10,206,00,0000,1951,000,0000,2206875
9035,64203,0000,10,218,00,0000,1951,000,0000,16414650
9035,64203,0000,10,607,00,0000,1951,000,0000,2522500
9035,64203,0000,10,230,00,0000,1952,000,0000,1498125
9035,64203,0000,10,238,00,0000,1952,000,0000,4219310
9035,64203,0000,10,643,00,0000,1959,000,0000,3620400
9035,64203,0000,10,648,00,0000,1959,000,0000,1590247
9035,64203,0000,10,101,00,0000,1971,000,0000,14285009
9035,64203,0000,10,101,00,0000,1972,000,0000,42036907
9035,64203,0000,10,770,00,0000,1972,000,0000,208890
9035,64203,0000,10,101,00,0000,1990,000,0000,0
9035,64203,0000,10,120,00,0000,1990,000,0000,0
9035,64203,0000,10,121,00,0000,1990,000,0000,0
9035,64203,0000,10,124,00,0000,1990,000,0000,0
9035,64203,0000,10,125,00,0000,1990,000,0000,0
9035,64203,0000,10,101,00,0000,2010,000,0000,187246
9035,64203,0000,10,148,00,0000,3000,000,3183,1932193
9035,64203,0000,10,502,00,0000,3000,000,3130,1550900
9035,64203,0000,10,504,00,0000,3000,000,3130,23328200
9035,64203,0000,10,505,00,0000,3000,000,3130,2694300
9035,64203,0000,10,508,00,0000,3000,000,3130,44837700
9035,64203,0000,10,516,00,0000,3000,000,3130,23398200
9035,64203,0000,10,518,00,0000,3000,000,3130,6413700
9035,64203,0000,10,520,00,0000,3000,000,3130,4718100
9035,64203,0000,10,521,00,0000,3000,000,3130,862100
9035,64203,0000,10,522,00,0000,3000,000,3130,22780600
9035,64203,0000,10,523,00,0000,3000,000,3130,21244600
9035,64203,0000,10,524,00,0000,3000,000,3130,429300
9035,64203,0000,10,525,00,0000,3000,000,3130,6453700
9035,64203,0000,10,526,00,0000,3000,000,3130,9968000
9035,64203,0000,10,615,00,0000,3000,000,3150,7123400
9035,64203,0000,10,625,00,0000,3000,000,3150,14117400
9035,64203,0000,10,626,00,0000,3000,000,3228,2918835
9035,64203,0000,10,647,00,0000,3000,000,3224,754000
9035,64203,0000,10,652,00,0000,3000,000,3024,0
9035,64203,0000,10,652,00,0000,3000,000,3204,27763854
9035,64203,0000,10,686,00,0000,3000,000,3183,9800000
9035,64203,0000,10,646,00,0000,3010,000,0000,0
9035,64203,0000,10,504,00,0000,4000,000,0000,0
9035,64203,0000,10,504,00,0000,4000,000,4027,17474125
9035,64203,0000,10,505,00,0000,4000,000,4027,8459782
9035,64203,0000,10,516,00,0000,4000,000,4173,4135500
9035,64203,0000,10,520,00,0000,4000,000,4027,45036796
9035,64203,0000,10,521,00,0000,4000,000,4027,19966158
9035,64203,0000,10,522,00,0000,4000,000,4027,18810986
9035,64203,0000,10,523,00,0000,4000,000,4027,15659984
9035,64203,0000,10,524,00,0000,4000,000,4027,8076869
9035,64203,0000,10,644,00,0000,4000,000,5413,6206000
9035,64203,0000,10,705,00,0000,4000,000,4011,222253800
9035,64203,0000,10,715,00,0000,4000,000,4010,81873500
9035,64203,0000,10,722,00,0000,4000,000,4367,15896200
9035,64203,0000,10,725,00,0000,4000,000,4365,7612800
9035,64203,0000,10,730,00,0000,4000,000,5196,4167200
9035,64203,0000,10,733,00,0000,4000,000,7365,297200
9035,64203,0000,10,145,00,0000,4010,000,4048,10722300
9035,64203,0000,10,509,00,0000,4010,000,5126,43436296
9035,64203,0000,10,646,00,0000,4010,000,7738,2889000
9035,64203,0000,10,000,00,0000,6750,000,0000,55154300
9035,64203,0000,10,000,00,0000,6760,000,0000,0
9035,64203,0000,10,000,00,0000,6770,000,0000,139241035
9035,64203,0000,10,000,00,0000,7421,000,0000,74281847
9035,64203,0000,10,000,00,0000,7461,000,0000,28740889
9035,64203,0000,10,000,00,0000,7471,000,0000,0
9035,64203,0000,10,199,00,0000,7481,000,0000,4018500
9035,64203,0000,10,626,00,0000,7482,000,3228,1461365
9035,64203,0000,10,647,00,0000,7482,000,3224,966000
9035,64203,0000,10,000,00,0000,7600,000,0000,0
9035,64203,0000,10,000,00,0000,7601,000,0000,0
9035,64203,0000,10,000,00,0000,7602,000,0000,0
9035,64203,0000,10,000,00,0000,7603,000,0000,0
9035,64203,0000,10,000,00,0000,7606,000,0000,0
9035,64203,0000,10,000,00,0000,7610,000,0000,0
9035,64203,0000,10,000,00,0000,7611,000,0000,0
9035,64203,0000,10,000,00,0000,7612,000,0000,0
9035,64203,0000,10,000,00,0000,7613,000,0000,0
9035,64203,0000,10,000,00,0000,7614,000,0000,0
9035,64203,0000,10,000,00,0000,7615,000,0000,0
9035,64203,0000,10,000,00,0000,7616,000,0000,0
9035,64203,0000,10,000,00,0000,7617,000,0000,0
9035,64203,0000,10,000,00,0000,7618,000,0000,0
9035,64203,0000,10,000,00,0000,7634,000,0000,0
9035,64203,0000,10,000,00,0000,7641,000,0000,0
9035,64203,0000,10,000,00,0000,7646,000,0000,0
9035,64203,0000,10,000,00,0000,7649,000,0000,0
9035,64203,0000,10,000,00,0000,7651,000,0000,0
9035,64203,0000,10,000,00,0000,7653,000,0000,0
9035,64203,0000,10,000,00,0000,7655,000,0000,0
9035,64203,0000,10,000,00,0000,7657,000,0000,0
9035,64203,0000,10,000,00,0000,7664,000,0000,0
9035,64203,0000,10,000,00,0000,7665,000,0000,0
9035,64203,0000,10,000,00,0000,7666,000,0000,0
9035,64203,0000,10,000,00,0000,7670,000,0000,0
9035,64203,0000,10,000,00,0000,8101,005,0000,24850846
9035,64203,0000,10,000,00,0000,8101,006,0000,3257756
9035,64203,0000,10,000,00,0000,8103,000,0000,40012
9035,64203,0000,10,000,00,0000,8103,001,0000,500165
9035,64203,0000,10,000,00,0000,8111,000,0000,5060827
9035,64203,0000,10,000,00,0000,8111,001,0000,127984926
9035,64203,0000,10,000,00,0000,8111,002,0000,100621
9035,64203,0000,10,000,00,0000,8111,003,0000,11109135
9035,64203,0000,10,000,00,0000,8111,004,0000,1547237
9035,64203,0000,10,145,00,0000,8142,000,4048,10515000
9035,64203,0000,10,505,00,0000,8142,000,4027,2959782
9035,64203,0000,10,509,00,0000,8142,000,5126,12529049
9035,64203,0000,10,516,00,0000,8142,000,4173,984300
9035,64203,0000,10,520,00,0000,8142,000,4027,3915821
9035,64203,0000,10,521,00,0000,8142,000,4027,4222158
9035,64203,0000,10,522,00,0000,8142,000,4027,7110986
9035,64203,0000,10,523,00,0000,8142,000,4027,4915584
9035,64203,0000,10,524,00,0000,8142,000,4027,2842169
9035,64203,0000,10,644,00,0000,8142,000,5413,767700
9035,64203,0000,10,646,00,0000,8142,000,7738,1734722
9035,64203,0000,10,705,00,0000,8142,000,4011,38278800
9035,64203,0000,10,715,00,0000,8142,000,4010,22169200
9035,64203,0000,10,722,00,0000,8142,000,4367,4003300
9035,64203,0000,10,725,00,0000,8142,000,4365,1320100
9035,64203,0000,10,730,00,0000,8142,000,5196,113700
9035,64203,0000,10,733,00,0000,8142,000,7365,97700
9035,64203,0000,10,000,00,0000,8153,000,0000,10511636
9035,64203,0000,10,000,00,0000,8181,000,0000,420704
