clarity_org_id,co_org_id
2352,0010
2353,0020
2553,0030
2356,0040
2374,0050
2583,0060
2607,0070
2363,0100
2549,0110
2438,0120
2569,0123
2394,0130
2488,0140
2409,0170
2359,0180
2384,0190
2368,0220
2594,0230
2532,0240
2580,0250
2593,0260
2386,0270
2484,0290
2495,0310
2581,0470
2379,0480
2382,0490
2543,0500
2476,0510
2395,0520
2398,0540
2513,0550
2548,0560
2574,0580
2389,0640
2570,0740
2405,0770
2407,0860
2412,0870
2554,0880
2417,0890
2419,0900
2422,0910
2556,0920
2557,0930
2376,0940
2436,0950
2360,0960
2385,0970
2458,0980
2555,0990
2441,1000
2402,1010
2396,1020
2492,1030
2351,1040
2437,1050
2524,1060
2457,1070
2485,1080
2439,1110
2427,1120
2499,1130
2444,1140
2445,1150
2446,1160
2541,1180
2448,1195
2453,1220
2450,1330
2606,1340
2425,1350
2456,1360
2462,1380
2466,1390
2477,1400
2514,1410
2469,1420
2474,1430
2475,1440
2370,1450
2461,1460
2558,1480
2375,1490
2383,1500
2478,1510
2421,1520
2373,1530
2468,1540
2530,1550
2587,1560
2523,1570
2588,1580
2531,1590
2463,1600
2361,1620
2380,1750
2473,1760
2449,1780
2487,1790
2472,1810
2489,1828
2564,1850
2566,1860
2567,1870
2408,1980
2527,1990
2498,2000
2403,2010
2500,2020
2504,2035
2418,2055
2491,2070
2505,2180
2605,2190
2562,2395
2507,2405
2563,2505
2568,2515
2426,2520
2542,2530
2493,2535
2442,2540
2393,2560
2585,2570
2521,2580
2538,2590
2528,2600
2522,2610
2465,2620
2459,2630
2371,2640
2451,2650
2479,2660
2464,2670
2608,2680
2536,2690
2535,2700
2496,2710
2537,2720
2410,2730
2503,2740
2552,2750
2460,2760
2582,2770
2575,2780
2511,2790
2502,2800
2390,2810
2571,2820
2586,2830
2519,2840
2471,2862
2529,2865
2584,3000
2404,3010
2609,3020
2362,3030
2369,3040
2520,3050
2490,3060
2610,3070
2596,3080
2600,3085
2597,3090
2604,3100
2601,3110
2454,3120
2602,3130
2599,3140
2603,3145
2397,3146
2560,3147
2561,3148
2612,3200
2611,3210
2467,3220
2486,3230
2392,8001
