id,staging_fact_id,clarity_school_parent_org_id,clarity_school_org_id,fund_type
1356,1356,148384,,General
1355,1355,148384,,General
1354,1354,148384,,General
1353,1353,148384,,General
1352,1352,148384,,General
1351,1351,148384,,General
1350,1350,148384,,General
1349,1349,148384,,General
1348,1348,148384,,General
1347,1347,148384,,General
1346,1346,148384,,General
1345,1345,148384,,General
1344,1344,148384,,General
1343,1343,148384,,General
1342,1342,148384,,General
1341,1341,148384,,General
1340,1340,148384,,General
1339,1339,148384,,General
1338,1338,148384,,General
1337,1337,148384,,General
1336,1336,148384,,General
1335,1335,148384,,General
1334,1334,148384,,General
1333,1333,148384,,General
1332,1332,148384,,General
1331,1331,148384,,General
1330,1330,148384,,General
1329,1329,148384,,General
1328,1328,148384,,General
1327,1327,148384,,General
1326,1326,148384,,General
1325,1325,148384,,General
1324,1324,148384,,General
1323,1323,148384,,General
1322,1322,148384,,General
1321,1321,148384,,General
1320,1320,148384,,General
1319,1319,148384,,General
1318,1318,148384,,General
1317,1317,148384,,General
1316,1316,148384,,General
1315,1315,148384,,General
1314,1314,148384,,General
1313,1313,148384,,General
1312,1312,148384,,General
1311,1311,148384,,General
1310,1310,148384,,General
1309,1309,148384,,General
1308,1308,148384,,General
1307,1307,148384,,General
1306,1306,148384,,General
1305,1305,148384,,General
1304,1304,148384,,General
1303,1303,148384,,General
1302,1302,148384,,General
1301,1301,148384,,General
1300,1300,148384,,General
1299,1299,148384,,General
1298,1298,148384,,General
1297,1297,148384,,General
1296,1296,148384,,General
1295,1295,148384,,General
1294,1294,148384,,General
1293,1293,148384,,General
1292,1292,148384,,General
1291,1291,148384,,General
1290,1290,148384,,General
1289,1289,148384,,General
1288,1288,148384,,General
1287,1287,148384,,General
1286,1286,148384,,General
1285,1285,148384,,General
1284,1284,148384,,General
1283,1283,148384,,General
1282,1282,148384,,General
1281,1281,148384,,General
1280,1280,148384,,General
1279,1279,148384,,General
1278,1278,148384,,General
1277,1277,148384,,General
1276,1276,148384,,General
1275,1275,148384,,General
1274,1274,148384,,General
1273,1273,148384,,General
1272,1272,148384,,General
1271,1271,148384,,General
1270,1270,148384,,General
1269,1269,148384,,General
1268,1268,148384,,General
1267,1267,148384,,General
1266,1266,148384,,General
1265,1265,148384,,General
1264,1264,148384,,General
1263,1263,148384,,General
1262,1262,148384,,General
1261,1261,148384,,General
1260,1260,148384,,General
1259,1259,148384,,General
1258,1258,148384,,General
1257,1257,148384,,General
1256,1256,148384,,General
1255,1255,148384,,General
1254,1254,148384,,General
1253,1253,148384,,General
1252,1252,148384,,General
1251,1251,148384,,General
1250,1250,148384,,General
1249,1249,148384,,General
1248,1248,148384,,General
1247,1247,148384,,General
1246,1246,148384,,General
1245,1245,148384,,General
1244,1244,148384,,General
1243,1243,148384,,General
1242,1242,148384,,General
1241,1241,148384,,General
1240,1240,148384,,General
1239,1239,148384,,General
1238,1238,148384,,General
1237,1237,148384,,General
1236,1236,148384,,General
1235,1235,148384,,General
1234,1234,148384,,General
1233,1233,148384,,General
1232,1232,148384,,General
1231,1231,148384,,General
1230,1230,148384,,General
1229,1229,148384,,General
1228,1228,148384,,General
1227,1227,148384,,General
1226,1226,148384,,General
1225,1225,148384,,General
922,922,148384,,General
921,921,148384,,General
920,920,148384,,General
919,919,148384,,General
918,918,148384,,General
917,917,148384,,General
916,916,148384,,General
915,915,148384,,General
914,914,148384,,General
913,913,148384,,General
912,912,148384,,General
911,911,148384,,General
910,910,148384,,General
909,909,148384,,General
908,908,148384,,General
907,907,148384,,General
906,906,148384,,General
905,905,148384,,General
904,904,148384,,General
903,903,148384,,General
902,902,148384,,General
901,901,148384,,General
900,900,148384,,General
899,899,148384,,General
898,898,148384,,General
897,897,148384,,General
896,896,148384,,General
895,895,148384,,General
894,894,148384,,General
893,893,148384,,General
892,892,148384,,General
891,891,148384,,General
890,890,148384,,General
889,889,148384,,General
888,888,148384,,General
887,887,148384,,General
886,886,148384,,General
885,885,148384,,General
884,884,148384,,General
883,883,148384,,General
882,882,148384,,General
881,881,148384,,General
880,880,148384,,General
879,879,148384,,General
878,878,148384,,General
877,877,148384,,General
876,876,148384,,General
875,875,148384,,General
874,874,148384,,General
873,873,148384,,General
872,872,148384,,General
871,871,148384,,General
870,870,148384,,General
869,869,148384,,General
868,868,148384,,General
867,867,148384,,General
866,866,148384,,General
865,865,148384,,General
864,864,148384,,General
863,863,148384,,General
862,862,148384,,General
861,861,148384,,General
860,860,148384,,General
859,859,148384,,General
858,858,148384,,General
857,857,148384,,General
856,856,148384,,General
855,855,148384,,General
854,854,148384,,General
853,853,148384,,General
852,852,148384,,General
851,851,148384,,General
850,850,148384,,General
849,849,148384,,General
848,848,148384,,General
847,847,148384,,General
846,846,148384,,General
845,845,148384,,General
844,844,148384,,General
843,843,148384,,General
842,842,148384,,General
841,841,148384,,General
840,840,148384,,General
839,839,148384,,General
838,838,148384,,General
837,837,148384,,General
836,836,148384,,General
835,835,148384,,General
834,834,148384,,General
833,833,148384,,General
832,832,148384,,General
831,831,148384,,General
830,830,148384,,General
829,829,148384,,General
828,828,148384,,General
827,827,148384,,General
826,826,148384,,General
825,825,148384,,General
824,824,148384,,General
823,823,148384,,General
822,822,148384,,General
821,821,148384,,General
820,820,148384,,General
819,819,148384,,General
818,818,148384,,General
817,817,148384,,General
816,816,148384,,General
815,815,148384,,General
814,814,148384,,General
813,813,148384,,General
812,812,148384,,General
811,811,148384,,General
810,810,148384,,General
809,809,148384,,General
808,808,148384,,General
807,807,148384,,General
806,806,148384,,General
805,805,148384,,General
804,804,148384,,General
803,803,148384,,General
802,802,148384,,General
801,801,148384,,General
800,800,148384,,General
799,799,148384,,General
798,798,148384,,General
797,797,148384,,General
796,796,148384,,General
795,795,148384,,General
794,794,148384,,General
793,793,148384,,General
792,792,148384,,General
791,791,148384,,General
790,790,148384,,General
789,789,148384,,General
788,788,148384,,General
787,787,148384,,General
786,786,148384,,General
785,785,148384,,General
784,784,148384,,General
783,783,148384,,General
782,782,148384,,General
781,781,148384,,General
780,780,148384,,General
779,779,148384,,General
778,778,148384,,General
777,777,148384,,General
776,776,148384,,General
775,775,148384,,General
774,774,148384,,General
773,773,148384,,General
772,772,148384,,General
771,771,148384,,General
770,770,148384,,General
769,769,148384,,General
768,768,148384,,General
767,767,148384,,General
766,766,148384,,General
765,765,148384,,General
764,764,148384,,General
763,763,148384,,General
762,762,148384,,General
761,761,148384,,General
760,760,148384,,General
759,759,148384,,General
758,758,148384,,General
757,757,148384,,General
756,756,148384,,General
755,755,148384,,General
754,754,148384,,General
753,753,148384,,General
752,752,148384,,General
751,751,148384,,General
750,750,148384,,General
749,749,148384,,General
748,748,148384,,General
747,747,148384,,General
746,746,148384,,General
745,745,148384,,General
744,744,148384,,General
743,743,148384,,General
742,742,148384,,General
741,741,148384,,General
740,740,148384,,General
739,739,148384,,General
738,738,148384,,General
737,737,148384,,General
736,736,148384,,General
735,735,148384,,General
734,734,148384,,General
733,733,148384,,General
732,732,148384,,General
731,731,148384,,General
730,730,148384,,General
729,729,148384,,General
728,728,148384,,General
727,727,148384,,General
726,726,148384,,General
725,725,148384,,General
724,724,148384,,General
723,723,148384,,General
722,722,148384,,General
721,721,148384,,General
720,720,148384,,General
719,719,148384,,General
718,718,148384,,General
717,717,148384,,General
716,716,148384,,General
715,715,148384,,General
714,714,148384,,General
713,713,148384,,General
712,712,148384,,General
711,711,148384,,General
710,710,148384,,General
709,709,148384,,General
708,708,148384,,General
707,707,148384,,General
674,674,148384,,General
673,673,148384,,General
672,672,148384,,General
671,671,148384,,General
670,670,148384,,General
669,669,148384,,General
668,668,148384,,General
667,667,148384,,General
666,666,148384,,General
665,665,148384,,General
664,664,148384,,General
663,663,148384,,General
662,662,148384,,General
661,661,148384,,General
660,660,148384,,General
659,659,148384,,General
658,658,148384,,General
657,657,148384,,General
656,656,148384,,General
655,655,148384,,General
654,654,148384,,General
653,653,148384,,General
652,652,148384,,General
651,651,148384,,General
650,650,148384,,General
649,649,148384,,General
648,648,148384,,General
647,647,148384,,General
646,646,148384,,General
645,645,148384,,General
644,644,148384,,General
643,643,148384,,General
642,642,148384,,General
641,641,148384,,General
640,640,148384,,General
639,639,148384,,General
638,638,148384,,General
637,637,148384,,General
636,636,148384,,General
635,635,148384,,General
634,634,148384,,General
633,633,148384,,General
632,632,148384,,General
631,631,148384,,General
630,630,148384,,General
629,629,148384,,General
628,628,148384,,General
627,627,148384,,General
626,626,148384,,General
625,625,148384,,General
624,624,148384,,General
623,623,148384,,General
622,622,148384,,General
621,621,148384,,General
620,620,148384,,General
619,619,148384,,General
618,618,148384,,General
617,617,148384,,General
616,616,148384,,General
615,615,148384,,General
614,614,148384,,General
613,613,148384,,General
612,612,148384,,General
611,611,148384,,General
610,610,148384,,General
609,609,148384,,General
608,608,148384,,General
607,607,148384,,General
606,606,148384,,General
605,605,148384,,General
604,604,148384,,General
603,603,148384,,General
602,602,148384,,General
601,601,148384,,General
600,600,148384,,General
599,599,148384,,General
598,598,148384,,General
597,597,148384,,General
596,596,148384,,General
595,595,148384,,General
594,594,148384,,General
593,593,148384,,General
592,592,148384,,General
591,591,148384,,General
590,590,148384,,General
589,589,148384,,General
588,588,148384,,General
587,587,148384,,General
586,586,148384,,General
585,585,148384,,General
584,584,148384,,General
583,583,148384,,General
582,582,148384,,General
581,581,148384,,General
580,580,148384,,General
579,579,148384,,General
578,578,148384,,General
577,577,148384,,General
576,576,148384,,General
575,575,148384,,General
574,574,148384,,General
573,573,148384,,General
572,572,148384,,General
571,571,148384,,General
570,570,148384,,General
569,569,148384,,General
568,568,148384,,General
567,567,148384,,General
566,566,148384,,General
565,565,148384,,General
564,564,148384,,General
563,563,148384,,General
562,562,148384,,General
561,561,148384,,General
560,560,148384,,General
559,559,148384,,General
558,558,148384,,General
557,557,148384,,General
556,556,148384,,General
555,555,148384,,General
554,554,148384,,General
553,553,148384,,General
552,552,148384,,General
551,551,148384,,General
550,550,148384,,General
549,549,148384,,General
548,548,148384,,General
547,547,148384,,General
546,546,148384,,General
545,545,148384,,General
544,544,148384,,General
543,543,148384,,General
542,542,148384,,General
541,541,148384,,General
540,540,148384,,General
539,539,148384,,General
538,538,148384,,General
537,537,148384,,General
536,536,148384,,General
535,535,148384,,General
534,534,148384,,General
533,533,148384,,General
532,532,148384,,General
531,531,148384,,General
530,530,148384,,General
529,529,148384,,General
528,528,148384,,General
527,527,148384,,General
526,526,148384,,General
525,525,148384,,General
524,524,148384,,General
523,523,148384,,General
522,522,148384,,General
521,521,148384,,General
520,520,148384,,General
519,519,148384,,General
518,518,148384,,General
517,517,148384,,General
516,516,148384,,General
515,515,148384,,General
514,514,148384,,General
513,513,148384,,General
512,512,148384,,General
511,511,148384,,General
510,510,148384,,General
509,509,148384,,General
508,508,148384,,General
507,507,148384,,General
506,506,148384,,General
505,505,148384,,General
504,504,148384,,General
503,503,148384,,General
502,502,148384,,General
501,501,148384,,General
500,500,148384,,General
499,499,148384,,General
498,498,148384,,General
497,497,148384,,General
496,496,148384,,General
495,495,148384,,General
494,494,148384,,General
493,493,148384,,General
492,492,148384,,General
491,491,148384,,General
490,490,148384,,General
489,489,148384,,General
488,488,148384,,General
487,487,148384,,General
486,486,148384,,General
485,485,148384,,General
1224,1224,148384,,General
1223,1223,148384,,General
1222,1222,148384,,General
1221,1221,148384,,General
1220,1220,148384,,General
1219,1219,148384,,General
1218,1218,148384,,General
1217,1217,148384,,General
1216,1216,148384,,General
1215,1215,148384,,General
1214,1214,148384,,General
1213,1213,148384,,General
1212,1212,148384,,General
1211,1211,148384,,General
1210,1210,148384,,General
1209,1209,148384,,General
1208,1208,148384,,General
1207,1207,148384,,General
1206,1206,148384,,General
1205,1205,148384,,General
1204,1204,148384,,General
1203,1203,148384,,General
1202,1202,148384,,General
1201,1201,148384,,General
1200,1200,148384,,General
1199,1199,148384,,General
1198,1198,148384,,General
1197,1197,148384,,General
1196,1196,148384,,General
1195,1195,148384,,General
1194,1194,148384,,General
1193,1193,148384,,General
1192,1192,148384,,General
1191,1191,148384,,General
1190,1190,148384,,General
1189,1189,148384,,General
1188,1188,148384,,General
1187,1187,148384,,General
1186,1186,148384,,General
1185,1185,148384,,General
1184,1184,148384,,General
1183,1183,148384,,General
1182,1182,148384,,General
1181,1181,148384,,General
1180,1180,148384,,General
1179,1179,148384,,General
1178,1178,148384,,General
1177,1177,148384,,General
1176,1176,148384,,General
1175,1175,148384,,General
1174,1174,148384,,General
1173,1173,148384,,General
1172,1172,148384,,General
1171,1171,148384,,General
1170,1170,148384,,General
1169,1169,148384,,General
1168,1168,148384,,General
1167,1167,148384,,General
1166,1166,148384,,General
1165,1165,148384,,General
1164,1164,148384,,General
1163,1163,148384,,General
1162,1162,148384,,General
1161,1161,148384,,General
1160,1160,148384,,General
1159,1159,148384,,General
1158,1158,148384,,General
1157,1157,148384,,General
1156,1156,148384,,General
1155,1155,148384,,General
1154,1154,148384,,General
1153,1153,148384,,General
1152,1152,148384,,General
1151,1151,148384,,General
1150,1150,148384,,General
1149,1149,148384,,General
1148,1148,148384,,General
1147,1147,148384,,General
1146,1146,148384,,General
1145,1145,148384,,General
1144,1144,148384,,General
1143,1143,148384,,General
1142,1142,148384,,General
1112,1112,148384,,General
1111,1111,148384,,General
1110,1110,148384,,General
1109,1109,148384,,General
1108,1108,148384,,General
1107,1107,148384,,General
1106,1106,148384,,General
1105,1105,148384,,General
1104,1104,148384,,General
1103,1103,148384,,General
1102,1102,148384,,General
1101,1101,148384,,General
1100,1100,148384,,General
1099,1099,148384,,General
1098,1098,148384,,General
1097,1097,148384,,General
1096,1096,148384,,General
1095,1095,148384,,General
1094,1094,148384,,General
1093,1093,148384,,General
1092,1092,148384,,General
1091,1091,148384,,General
1090,1090,148384,,General
1089,1089,148384,,General
1088,1088,148384,,General
1087,1087,148384,,General
1086,1086,148384,,General
1085,1085,148384,,General
1084,1084,148384,,General
1083,1083,148384,,General
1082,1082,148384,,General
1081,1081,148384,,General
1080,1080,148384,,General
1079,1079,148384,,General
1078,1078,148384,,General
1077,1077,148384,,General
1076,1076,148384,,General
1075,1075,148384,,General
1074,1074,148384,,General
1073,1073,148384,,General
1072,1072,148384,,General
1071,1071,148384,,General
1070,1070,148384,,General
1069,1069,148384,,General
1068,1068,148384,,General
1067,1067,148384,,General
1066,1066,148384,,General
1065,1065,148384,,General
1064,1064,148384,,General
1063,1063,148384,,General
1062,1062,148384,,General
1061,1061,148384,,General
1060,1060,148384,,General
1059,1059,148384,,General
1058,1058,148384,,General
1057,1057,148384,,General
1056,1056,148384,,General
1055,1055,148384,,General
1054,1054,148384,,General
1053,1053,148384,,General
1052,1052,148384,,General
1051,1051,148384,,General
1050,1050,148384,,General
1049,1049,148384,,General
1048,1048,148384,,General
1047,1047,148384,,General
1046,1046,148384,,General
1045,1045,148384,,General
1044,1044,148384,,General
1043,1043,148384,,General
1042,1042,148384,,General
1041,1041,148384,,General
1040,1040,148384,,General
1039,1039,148384,,General
1038,1038,148384,,General
1037,1037,148384,,General
1036,1036,148384,,General
1035,1035,148384,,General
1034,1034,148384,,General
1033,1033,148384,,General
1032,1032,148384,,General
1031,1031,148384,,General
1030,1030,148384,,General
1029,1029,148384,,General
1028,1028,148384,,General
1027,1027,148384,,General
1026,1026,148384,,General
1025,1025,148384,,General
1024,1024,148384,,General
1023,1023,148384,,General
1022,1022,148384,,General
1021,1021,148384,,General
1020,1020,148384,,General
1019,1019,148384,,General
1018,1018,148384,,General
1017,1017,148384,,General
1016,1016,148384,,General
1015,1015,148384,,General
1014,1014,148384,,General
1013,1013,148384,,General
1012,1012,148384,,General
1011,1011,148384,,General
1010,1010,148384,,General
1009,1009,148384,,General
1008,1008,148384,,General
1007,1007,148384,,General
1006,1006,148384,,General
1005,1005,148384,,General
1004,1004,148384,,General
1003,1003,148384,,General
1002,1002,148384,,General
1001,1001,148384,,General
1000,1000,148384,,General
999,999,148384,,General
998,998,148384,,General
997,997,148384,,General
996,996,148384,,General
995,995,148384,,General
994,994,148384,,General
993,993,148384,,General
992,992,148384,,General
991,991,148384,,General
990,990,148384,,General
989,989,148384,,General
988,988,148384,,General
987,987,148384,,General
986,986,148384,,General
985,985,148384,,General
984,984,148384,,General
983,983,148384,,General
982,982,148384,,General
981,981,148384,,General
980,980,148384,,General
979,979,148384,,General
978,978,148384,,General
977,977,148384,,General
976,976,148384,,General
975,975,148384,,General
974,974,148384,,General
973,973,148384,,General
972,972,148384,,General
971,971,148384,,General
970,970,148384,,General
969,969,148384,,General
968,968,148384,,General
967,967,148384,,General
966,966,148384,,General
965,965,148384,,General
964,964,148384,,General
963,963,148384,,General
962,962,148384,,General
961,961,148384,,General
960,960,148384,,General
959,959,148384,,General
958,958,148384,,General
957,957,148384,,General
956,956,148384,,General
955,955,148384,,General
954,954,148384,,General
953,953,148384,,General
952,952,148384,,General
951,951,148384,,General
950,950,148384,,General
949,949,148384,,General
948,948,148384,,General
947,947,148384,,General
946,946,148384,,General
945,945,148384,,General
944,944,148384,,General
943,943,148384,,General
942,942,148384,,General
941,941,148384,,General
940,940,148384,,General
939,939,148384,,General
938,938,148384,,General
937,937,148384,,General
936,936,148384,,General
935,935,148384,,General
934,934,148384,,General
933,933,148384,,General
932,932,148384,,General
931,931,148384,,General
930,930,148384,,General
929,929,148384,,General
928,928,148384,,General
927,927,148384,,General
926,926,148384,,General
925,925,148384,,General
924,924,148384,,General
923,923,148384,,General
484,484,148384,,General
483,483,148384,,General
482,482,148384,,General
481,481,148384,,General
480,480,148384,,General
479,479,148384,,General
478,478,148384,,General
477,477,148384,,General
476,476,148384,,General
475,475,148384,,General
474,474,148384,,General
473,473,148384,,General
472,472,148384,,General
471,471,148384,,General
470,470,148384,,General
469,469,148384,,General
468,468,148384,,General
467,467,148384,,General
466,466,148384,,General
465,465,148384,,General
464,464,148384,,General
463,463,148384,,General
462,462,148384,,General
461,461,148384,,General
460,460,148384,,General
459,459,148384,,General
448,448,148384,,General
447,447,148384,,General
446,446,148384,,General
445,445,148384,,General
444,444,148384,,General
443,443,148384,,General
442,442,148384,,General
441,441,148384,,General
440,440,148384,,General
439,439,148384,,General
438,438,148384,,General
437,437,148384,,General
436,436,148384,,General
435,435,148384,,General
434,434,148384,,General
433,433,148384,,General
432,432,148384,,General
431,431,148384,,General
430,430,148384,,General
429,429,148384,,General
428,428,148384,,General
427,427,148384,,General
426,426,148384,,General
425,425,148384,,General
424,424,148384,,General
423,423,148384,,General
422,422,148384,,General
421,421,148384,,General
420,420,148384,,General
419,419,148384,,General
418,418,148384,,General
417,417,148384,,General
416,416,148384,,General
415,415,148384,,General
414,414,148384,,General
413,413,148384,,General
412,412,148384,,General
411,411,148384,,General
410,410,148384,,General
409,409,148384,,General
408,408,148384,,General
407,407,148384,,General
406,406,148384,,General
405,405,148384,,General
404,404,148384,,General
403,403,148384,,General
402,402,148384,,General
401,401,148384,,General
400,400,148384,,General
399,399,148384,,General
398,398,148384,,General
397,397,148384,,General
396,396,148384,,General
395,395,148384,,General
394,394,148384,,General
393,393,148384,,General
392,392,148384,,General
391,391,148384,,General
390,390,148384,,General
389,389,148384,,General
388,388,148384,,General
387,387,148384,,General
386,386,148384,,General
385,385,148384,,General
384,384,148384,,General
383,383,148384,,General
382,382,148384,,General
381,381,148384,,General
380,380,148384,,General
379,379,148384,,General
378,378,148384,,General
377,377,148384,,General
376,376,148384,,General
375,375,148384,,General
374,374,148384,,General
373,373,148384,,General
372,372,148384,,General
371,371,148384,,General
370,370,148384,,General
369,369,148384,,General
368,368,148384,,General
367,367,148384,,General
366,366,148384,,General
365,365,148384,,General
364,364,148384,,General
363,363,148384,,General
362,362,148384,,General
361,361,148384,,General
360,360,148384,,General
359,359,148384,,General
358,358,148384,,General
357,357,148384,,General
356,356,148384,,General
355,355,148384,,General
354,354,148384,,General
353,353,148384,,General
352,352,148384,,General
351,351,148384,,General
350,350,148384,,General
349,349,148384,,General
348,348,148384,,General
347,347,148384,,General
346,346,148384,,General
345,345,148384,,General
344,344,148384,,General
343,343,148384,,General
342,342,148384,,General
341,341,148384,,General
340,340,148384,,General
339,339,148384,,General
338,338,148384,,General
337,337,148384,,General
336,336,148384,,General
335,335,148384,,General
334,334,148384,,General
333,333,148384,,General
332,332,148384,,General
331,331,148384,,General
330,330,148384,,General
329,329,148384,,General
328,328,148384,,General
327,327,148384,,General
326,326,148384,,General
325,325,148384,,General
324,324,148384,,General
323,323,148384,,General
322,322,148384,,General
321,321,148384,,General
320,320,148384,,General
319,319,148384,,General
318,318,148384,,General
317,317,148384,,General
316,316,148384,,General
315,315,148384,,General
314,314,148384,,General
313,313,148384,,General
312,312,148384,,General
311,311,148384,,General
310,310,148384,,General
309,309,148384,,General
308,308,148384,,General
307,307,148384,,General
306,306,148384,,General
305,305,148384,,General
304,304,148384,,General
303,303,148384,,General
302,302,148384,,General
301,301,148384,,General
300,300,148384,,General
299,299,148384,,General
298,298,148384,,General
297,297,148384,,General
296,296,148384,,General
295,295,148384,,General
294,294,148384,,General
293,293,148384,,General
292,292,148384,,General
291,291,148384,,General
290,290,148384,,General
289,289,148384,,General
288,288,148384,,General
287,287,148384,,General
286,286,148384,,General
285,285,148384,,General
284,284,148384,,General
283,283,148384,,General
282,282,148384,,General
281,281,148384,,General
280,280,148384,,General
279,279,148384,,General
278,278,148384,,General
277,277,148384,,General
276,276,148384,,General
275,275,148384,,General
274,274,148384,,General
273,273,148384,,General
272,272,148384,,General
271,271,148384,,General
270,270,148384,,General
269,269,148384,,General
268,268,148384,,General
267,267,148384,,General
266,266,148384,,General
265,265,148384,,General
264,264,148384,,General
263,263,148384,,General
262,262,148384,,General
261,261,148384,,General
260,260,148384,,General
259,259,148384,,General
1141,1141,148384,,General
1140,1140,148384,,General
1139,1139,148384,,General
1138,1138,148384,,General
1137,1137,148384,,General
1136,1136,148384,,General
1135,1135,148384,,General
1134,1134,148384,,General
1133,1133,148384,,General
1132,1132,148384,,General
1131,1131,148384,,General
1130,1130,148384,,General
1129,1129,148384,,General
1128,1128,148384,,General
1127,1127,148384,,General
1126,1126,148384,,General
1125,1125,148384,,General
1124,1124,148384,,General
1123,1123,148384,,General
1122,1122,148384,,General
1121,1121,148384,,General
1120,1120,148384,,General
1119,1119,148384,,General
1118,1118,148384,,General
1117,1117,148384,,General
1116,1116,148384,,General
1115,1115,148384,,General
1114,1114,148384,,General
1113,1113,148384,,General
706,706,148384,,General
705,705,148384,,General
704,704,148384,,General
703,703,148384,,General
702,702,148384,,General
701,701,148384,,General
700,700,148384,,General
699,699,148384,,General
698,698,148384,,General
697,697,148384,,General
696,696,148384,,General
695,695,148384,,General
694,694,148384,,General
693,693,148384,,General
692,692,148384,,General
691,691,148384,,General
690,690,148384,,General
689,689,148384,,General
688,688,148384,,General
687,687,148384,,General
686,686,148384,,General
685,685,148384,,General
684,684,148384,,General
683,683,148384,,General
682,682,148384,,General
681,681,148384,,General
680,680,148384,,General
679,679,148384,,General
678,678,148384,,General
677,677,148384,,General
676,676,148384,,General
675,675,148384,,General
258,258,148384,,General
257,257,148384,,General
256,256,148384,,General
255,255,148384,,General
254,254,148384,,General
253,253,148384,,General
252,252,148384,,General
251,251,148384,,General
250,250,148384,,General
249,249,148384,,General
248,248,148384,,General
247,247,148384,,General
246,246,148384,,General
245,245,148384,,General
244,244,148384,,General
243,243,148384,,General
242,242,148384,,General
241,241,148384,,General
240,240,148384,,General
239,239,148384,,General
238,238,148384,,General
237,237,148384,,General
236,236,148384,,General
235,235,148384,,General
234,234,148384,,General
233,233,148384,,General
232,232,148384,,General
231,231,148384,,General
230,230,148384,,General
229,229,148384,,General
228,228,148384,,General
227,227,148384,,General
226,226,148384,,General
225,225,148384,,General
224,224,148384,,General
223,223,148384,,General
222,222,148384,,General
221,221,148384,,General
220,220,148384,,General
219,219,148384,,General
218,218,148384,,General
217,217,148384,,General
216,216,148384,,General
215,215,148384,,General
214,214,148384,,General
213,213,148384,,General
212,212,148384,,General
211,211,148384,,General
210,210,148384,,General
209,209,148384,,General
208,208,148384,,General
207,207,148384,,General
206,206,148384,,General
205,205,148384,,General
204,204,148384,,General
203,203,148384,,General
202,202,148384,,General
201,201,148384,,General
200,200,148384,,General
199,199,148384,,General
198,198,148384,,General
197,197,148384,,General
196,196,148384,,General
195,195,148384,,General
194,194,148384,,General
193,193,148384,,General
192,192,148384,,General
191,191,148384,,General
190,190,148384,,General
189,189,148384,,General
188,188,148384,,General
187,187,148384,,General
186,186,148384,,General
185,185,148384,,General
184,184,148384,,General
183,183,148384,,General
182,182,148384,,General
181,181,148384,,General
180,180,148384,,General
179,179,148384,,General
178,178,148384,,General
177,177,148384,,General
176,176,148384,,General
175,175,148384,,General
174,174,148384,,General
173,173,148384,,General
172,172,148384,,General
171,171,148384,,General
170,170,148384,,General
169,169,148384,,General
168,168,148384,,General
167,167,148384,,General
166,166,148384,,General
165,165,148384,,General
164,164,148384,,General
163,163,148384,,General
162,162,148384,,General
161,161,148384,,General
160,160,148384,,General
159,159,148384,,General
158,158,148384,,General
157,157,148384,,General
156,156,148384,,General
155,155,148384,,General
154,154,148384,,General
153,153,148384,,General
152,152,148384,,General
151,151,148384,,General
150,150,148384,,General
149,149,148384,,General
148,148,148384,,General
147,147,148384,,General
146,146,148384,,General
145,145,148384,,General
144,144,148384,,General
143,143,148384,,General
142,142,148384,,General
141,141,148384,,General
140,140,148384,,General
139,139,148384,,General
138,138,148384,,General
137,137,148384,,General
136,136,148384,,General
135,135,148384,,General
134,134,148384,,General
133,133,148384,,General
132,132,148384,,General
131,131,148384,,General
130,130,148384,,General
129,129,148384,,General
128,128,148384,,General
127,127,148384,,General
126,126,148384,,General
125,125,148384,,General
124,124,148384,,General
123,123,148384,,General
122,122,148384,,General
121,121,148384,,General
120,120,148384,,General
119,119,148384,,General
118,118,148384,,General
117,117,148384,,General
116,116,148384,,General
115,115,148384,,General
114,114,148384,,General
113,113,148384,,General
112,112,148384,,General
111,111,148384,,General
110,110,148384,,General
109,109,148384,,General
108,108,148384,,General
107,107,148384,,General
106,106,148384,,General
105,105,148384,,General
104,104,148384,,General
103,103,148384,,General
102,102,148384,,General
101,101,148384,,General
100,100,148384,,General
99,99,148384,,General
98,98,148384,,General
97,97,148384,,General
96,96,148384,,General
95,95,148384,,General
94,94,148384,,General
93,93,148384,,General
92,92,148384,,General
91,91,148384,,General
90,90,148384,,General
89,89,148384,,General
88,88,148384,,General
87,87,148384,,General
86,86,148384,,General
85,85,148384,,General
84,84,148384,,General
83,83,148384,,General
82,82,148384,,General
81,81,148384,,General
80,80,148384,,General
79,79,148384,,General
78,78,148384,,General
77,77,148384,,General
76,76,148384,,General
75,75,148384,,General
74,74,148384,,General
73,73,148384,,General
72,72,148384,,General
71,71,148384,,General
70,70,148384,,General
69,69,148384,,General
68,68,148384,,General
67,67,148384,,General
66,66,148384,,General
65,65,148384,,General
64,64,148384,,General
63,63,148384,,General
62,62,148384,,General
61,61,148384,,General
60,60,148384,,General
59,59,148384,,General
58,58,148384,,General
57,57,148384,,General
56,56,148384,,General
55,55,148384,,General
54,54,148384,,General
53,53,148384,,General
52,52,148384,,General
51,51,148384,,General
50,50,148384,,General
49,49,148384,,General
48,48,148384,,General
47,47,148384,,General
46,46,148384,,General
45,45,148384,,General
44,44,148384,,General
43,43,148384,,General
458,458,148384,,General
457,457,148384,,General
456,456,148384,,General
455,455,148384,,General
454,454,148384,,General
453,453,148384,,General
452,452,148384,,General
451,451,148384,,General
450,450,148384,,General
449,449,148384,,General
42,42,148384,,General
41,41,148384,,General
40,40,148384,,General
39,39,148384,,General
38,38,148384,,General
37,37,148384,,General
36,36,148384,,General
35,35,148384,,General
34,34,148384,,General
33,33,148384,,General
32,32,148384,,General
31,31,148384,,General
30,30,148384,,General
29,29,148384,,General
28,28,148384,,General
27,27,148384,,General
26,26,148384,,General
25,25,148384,,General
24,24,148384,,General
23,23,148384,,General
22,22,148384,,General
21,21,148384,,General
20,20,148384,,General
19,19,148384,,General
18,18,148384,,General
17,17,148384,,General
16,16,148384,,General
15,15,148384,,General
14,14,148384,,General
13,13,148384,,General
12,12,148384,,General
11,11,148384,,General
10,10,148384,,General
9,9,148384,,General
8,8,148384,,General
7,7,148384,,General
6,6,148384,,General
5,5,148384,,General
4,4,148384,,General
3,3,148384,,General
2,2,148384,,General
1,1,148384,,General
