clarity_org_id,co_org_id,added_on_date_s
33889,0017,2016.01.26
33890,0019,2016.01.26
33912,0076,2016.01.26
33933,0249,2016.01.26
33961,0209,2016.01.26
34156,0074,2016.01.26
34183,1615,2016.01.26
34327,2248,2016.01.26
34352,2358,2016.01.26
34378,2524,2016.01.26
34423,2800,2016.01.26
34459,3104,2016.01.26
34501,3238,2016.01.26
34629,3985,2016.01.26
34826,5126,2016.01.26
35010,6140,2016.01.26
35016,6158,2016.01.26
35160,6937,2016.01.26
35171,6960,2016.01.26
35211,7159,2016.01.26
35241,7240,2016.01.26
35242,7247,2016.01.26
35282,7460,2016.01.26
35504,1627,2016.01.26
35505,1630,2016.01.26
35506,1629,2016.01.26
35508,8813,2016.01.26
35530,8851,2016.01.26
35678,9714,2016.01.26
33904,0070,2016.01.26
33939,0301,2016.01.26
34056,1020,2016.01.26
34131,1388,2016.01.26
34149,1480,2016.01.26
34173,2576,2016.01.26
34242,1878,2016.01.26
34249,1914,2016.01.26
34257,1937,2016.01.26
34351,2361,2016.01.26
34436,2918,2016.01.26
34532,0014,2016.01.26
34642,4000,2016.01.26
34659,4108,2016.01.26
34670,4172,2016.01.26
34672,2580,2016.01.26
34810,5043,2016.01.26
34815,5058,2016.01.26
34884,5418,2016.01.26
34921,5706,2016.01.26
34943,0059,2016.01.26
35008,6060,2016.01.26
35017,6150,2016.01.26
35060,6355,2016.01.26
35064,6376,2016.01.26
35071,6402,2016.01.26
35072,6398,2016.01.26
35210,7155,2016.01.26
35275,2584,2016.01.26
35288,2582,2016.01.26
35292,0057,2016.01.26
35347,6342,2016.01.26
35368,7795,2016.01.26
35370,4187,2016.01.26
35392,2578,2016.01.26
35439,1519,2016.01.26
35447,8225,2016.01.26
35467,8361,2016.01.26
35492,2410,2016.01.26
35523,5814,2016.01.26
35513,8211,2016.01.26
35521,8842,2016.01.26
35522,5816,2016.01.26
35571,0210,2016.01.26
35631,9431,2016.01.26
35633,9444,2016.01.26
35638,9494,2016.01.26
35672,9682,2016.01.26
33899,0024,2016.01.26
33900,0020,2016.01.26
33921,0186,2016.01.26
34145,1426,2016.01.26
34335,2308,2016.01.26
34597,6534,2016.01.26
34742,4516,2016.01.26
34745,4536,2016.01.26
34817,0022,2016.01.26
34963,5880,2016.01.26
34978,5982,2016.01.26
35300,7500,2016.01.26
33924,0214,2016.01.26
33945,0310,2016.01.26
33964,0458,2016.01.26
33965,1458,2016.01.26
33966,0465,2016.01.26
33967,0464,2016.01.26
33973,0213,2016.01.26
34036,0914,2016.01.26
34148,1470,2016.01.26
34197,1720,2016.01.26
34217,1800,2016.01.26
34263,1948,2016.01.26
34289,2095,2016.01.26
34291,2114,2016.01.26
34364,2384,2016.01.26
34391,2618,2016.01.26
34519,3354,2016.01.26
34539,3471,2016.01.26
34643,4024,2016.01.26
34689,4270,2016.01.26
34700,4385,2016.01.26
34719,4426,2016.01.26
34751,4646,2016.01.26
34795,4970,2016.01.26
34796,4973,2016.01.26
34866,5298,2016.01.26
34875,5361,2016.01.26
35024,6160,2016.01.26
35026,6189,2016.01.26
35058,6310,2016.01.26
35096,6546,2016.01.26
35123,6728,2016.01.26
35126,6758,2016.01.26
35150,6869,2016.01.26
35246,7250,2016.01.26
35315,7558,2016.01.26
35360,7865,2016.01.26
35381,7932,2016.01.26
35414,8078,2016.01.26
35532,8858,2016.01.26
35572,9059,2016.01.26
35573,9060,2016.01.26
35582,9140,2016.01.26
35642,9514,2016.01.26
35658,8356,2016.01.26
35683,9756,2016.01.26
33908,0044,2016.01.26
33910,0058,2016.01.26
33911,0066,2016.01.26
33913,0086,2016.01.26
33914,0090,2016.01.26
33916,0118,2016.01.26
35099,0114,2016.01.26
35110,6652,2016.01.26
35111,6658,2016.01.26
35112,6657,2016.01.26
33943,0304,2016.01.26
33944,0308,2016.01.26
33954,0042,2016.01.26
33957,0428,2016.01.26
33958,0432,2016.01.26
33959,0430,2016.01.26
33960,0447,2016.01.26
34632,3958,2016.01.26
34634,3962,2016.01.26
34635,3961,2016.01.26
33991,0632,2016.01.26
33992,0640,2016.01.26
33993,0636,2016.01.26
34009,0770,2016.01.26
34011,0775,2016.01.26
34012,0774,2016.01.26
34013,0763,2016.01.26
2375,0842,2016.01.26
35376,7914,2016.01.26
35377,7922,2016.01.26
35378,7918,2016.01.26
33929,4878,2016.01.26
33940,0125,2016.01.26
33955,0441,2016.01.26
33997,0652,2016.01.26
34029,0872,2016.01.26
34037,0919,2016.01.26
34038,0924,2016.01.26
34039,0934,2016.01.26
34065,1066,2016.01.26
34066,1070,2016.01.26
34117,1352,2016.01.26
34128,1380,2016.01.26
34142,1390,2016.01.26
34199,1725,2016.01.26
34223,1842,2016.01.26
34229,1883,2016.01.26
34266,5606,2016.01.26
34270,1996,2016.01.26
34326,2240,2016.01.26
34381,2552,2016.01.26
34385,2589,2016.01.26
34396,2702,2016.01.26
34429,2892,2016.01.26
34438,2940,2016.01.26
34447,2970,2016.01.26
34457,3022,2016.01.26
34546,3488,2016.01.26
34593,3499,2016.01.26
34613,3882,2016.01.26
34627,3940,2016.01.26
34663,6642,2016.01.26
34706,4386,2016.01.26
34736,4496,2016.01.26
34767,4792,2016.01.26
34783,4874,2016.01.26
34867,5302,2016.01.26
34868,5306,2016.01.26
34892,1136,2016.01.26
34951,5838,2016.01.26
34979,5999,2016.01.26
34980,6000,2016.01.26
35029,6208,2016.01.26
35030,6212,2016.01.26
35032,6224,2016.01.26
35040,6195,2016.01.26
35139,6816,2016.01.26
35167,6962,2016.01.26
35310,7528,2016.01.26
35323,7592,2016.01.26
35423,8135,2016.01.26
35473,8387,2016.01.26
35484,8418,2016.01.26
35555,8978,2016.01.26
35645,9544,2016.01.26
34047,0948,2016.01.26
34054,1008,2016.01.26
34055,1012,2016.01.26
34001,1438,2016.01.26
34070,1096,2016.01.26
34071,1094,2016.01.26
35520,8832,2016.01.26
33970,4306,2016.01.26
34075,1130,2016.01.26
34153,1508,2016.01.26
34604,1132,2016.01.26
34945,5802,2016.01.26
34946,5806,2016.01.26
34078,1144,2016.01.26
34080,1152,2016.01.26
34081,1150,2016.01.26
34082,1168,2016.01.26
34083,1176,2016.01.26
34213,1752,2016.01.26
34088,1210,2016.01.26
34089,1218,2016.01.26
34090,1215,2016.01.26
34096,1248,2016.01.26
34097,1252,2016.01.26
34099,1266,2016.01.26
34100,1262,2016.01.26
34603,3802,2016.01.26
34930,5704,2016.01.26
35005,6752,2016.01.26
35597,9248,2016.01.26
34143,1420,2016.01.26
34605,1412,2016.01.26
35383,1416,2016.01.26
35502,0051,2016.01.26
33891,0015,2016.01.26
33930,0075,2016.01.26
34104,1279,2016.01.26
34211,1791,2016.01.26
34212,1795,2016.01.26
34228,1882,2016.01.26
34356,2837,2016.01.26
34499,0035,2016.01.26
34356,3399,2016.01.26
34630,0655,2016.01.26
35260,7278,2016.01.26
35301,7512,2016.01.26
35453,0653,2016.01.26
35510,0654,2016.01.26
35511,6914,2016.01.26
35512,6913,2016.01.26
35517,8825,2016.01.26
35688,9785,2016.01.26
33932,0242,2016.01.26
33946,0348,2016.01.26
33956,0442,2016.01.26
34004,0714,2016.01.26
34077,1155,2016.01.26
34098,1566,2016.01.26
34103,1273,2016.01.26
34154,1510,2016.01.26
34169,1551,2016.01.26
34171,1571,2016.01.26
34172,1570,2016.01.26
34174,1574,2016.01.26
34186,1614,2016.01.26
34250,1916,2016.01.26
34256,0243,2016.01.26
34265,1970,2016.01.26
34288,2094,2016.01.26
34331,2292,2016.01.26
34348,2357,2016.01.26
34365,2428,2016.01.26
34431,2897,2016.01.26
34478,0016,2016.01.26
34480,3030,2016.01.26
34565,3589,2016.01.26
34578,3648,2016.01.26
34620,3926,2016.01.26
34628,1572,2016.01.26
34640,3988,2016.01.26
34649,4062,2016.01.26
34656,4078,2016.01.26
34660,4100,2016.01.26
34684,4276,2016.01.26
34687,4280,2016.01.26
34797,4975,2016.01.26
34828,0018,2016.01.26
34936,5744,2016.01.26
34970,5934,2016.01.26
35107,6625,2016.01.26
35140,6820,2016.01.26
35196,7102,2016.01.26
35201,7116,2016.01.26
35213,7158,2016.01.26
35250,7277,2016.01.26
35294,7476,2016.01.26
35317,7559,2016.01.26
35385,0141,2016.01.26
35400,8020,2016.01.26
35471,8380,2016.01.26
35479,8394,2016.01.26
35525,8848,2016.01.26
35529,8850,2016.01.26
35539,8887,2016.01.26
35579,9108,2016.01.26
35588,9200,2016.01.26
35627,1568,2016.01.26
35659,9624,2016.01.26
34180,1608,2016.01.26
34061,1592,2016.01.26
34101,1596,2016.01.26
34177,1586,2016.01.26
34178,1590,2016.01.26
34179,1588,2016.01.26
34545,3482,2016.01.26
35166,6953,2016.01.26
35394,1604,2016.01.26
35514,9057,2016.01.26
35515,9051,2016.01.26
34110,4212,2016.01.26
34192,4216,2016.01.26
34193,1660,2016.01.26
34525,3385,2016.01.26
34757,4700,2016.01.26
34210,1924,2016.01.26
33963,0452,2016.01.26
34060,1032,2016.01.26
34074,1126,2016.01.26
34116,1340,2016.01.26
34184,1613,2016.01.26
34188,1616,2016.01.26
34216,1798,2016.01.26
34230,1885,2016.01.26
34241,1870,2016.01.26
34318,2202,2016.01.26
34374,2510,2016.01.26
34491,3175,2016.01.26
34493,3218,2016.01.26
34540,3470,2016.01.26
34566,3592,2016.01.26
34617,3920,2016.01.26
34652,4070,2016.01.26
34666,4138,2016.01.26
34671,3890,2016.01.26
34697,8457,2016.01.26
34698,4358,2016.01.26
34718,4424,2016.01.26
34744,4530,2016.01.26
34756,5604,2016.01.26
34829,5146,2016.01.26
34882,5404,2016.01.26
34896,4090,2016.01.26
34913,5610,2016.01.26
34928,1625,2016.01.26
34962,5878,2016.01.26
34972,5948,2016.01.26
34983,5988,2016.01.26
35043,2528,2016.01.26
35059,6306,2016.01.26
35116,6680,2016.01.26
35148,6856,2016.01.26
35237,7228,2016.01.26
35293,9618,2016.01.26
35298,7482,2016.01.26
35304,7513,2016.01.26
35308,7523,2016.01.26
35314,7556,2016.01.26
35338,7705,2016.01.26
35445,8246,2016.01.26
35462,8346,2016.01.26
35495,8466,2016.01.26
35503,0871,2016.01.26
35538,8902,2016.01.26
35549,5576,2016.01.26
35617,9445,2016.01.26
35626,9404,2016.01.26
35662,9660,2016.01.26
34247,3220,2016.01.26
34248,3228,2016.01.26
34269,9080,2016.01.26
34274,2024,2016.01.26
34282,2088,2016.01.26
34283,2092,2016.01.26
34284,2091,2016.01.26
34292,2122,2016.01.26
34293,2126,2016.01.26
34297,2136,2016.01.26
34298,2140,2016.01.26
34299,2150,2016.01.26
34300,2148,2016.01.26
35553,8960,2016.01.26
33976,0489,2016.01.26
34123,4182,2016.01.26
34124,1372,2016.01.26
34125,1375,2016.01.26
34301,2152,2016.01.26
34302,2155,2016.01.26
34303,2164,2016.01.26
34304,2160,2016.01.26
34305,2166,2016.01.26
34517,3330,2016.01.26
34664,4124,2016.01.26
34665,4128,2016.01.26
34836,5154,2016.01.26
35120,6700,2016.01.26
35121,6708,2016.01.26
33885,0010,2016.01.26
33887,6397,2016.01.26
33892,0067,2016.01.26
33928,0220,2016.01.26
33952,0388,2016.01.26
33953,0418,2016.01.26
33980,0520,2016.01.26
33982,0540,2016.01.26
33995,0650,2016.01.26
34064,1056,2016.01.26
34068,6350,2016.01.26
34114,1324,2016.01.26
34121,9496,2016.01.26
34161,7694,2016.01.26
34164,1528,2016.01.26
34202,1785,2016.01.26
34203,1774,2016.01.26
34204,1788,2016.01.26
34218,1816,2016.01.26
34220,1846,2016.01.26
34237,5844,2016.01.26
34246,1908,2016.01.26
34254,1928,2016.01.26
34306,2174,2016.01.26
34309,2183,2016.01.26
34311,2184,2016.01.26
34998,6088,2016.01.26
34328,2258,2016.01.26
34350,2364,2016.01.26
34361,2398,2016.01.26
34375,2506,2016.01.26
34395,2652,2016.01.26
34408,2789,2016.01.26
34428,2880,2016.01.26
34667,4140,2016.01.26
34453,3000,2016.01.26
35173,6970,2016.01.26
34460,3032,2016.01.26
34513,3296,2016.01.26
34524,3378,2016.01.26
34544,3478,2016.01.26
34549,3512,2016.01.26
34568,3605,2016.01.26
34575,3641,2016.01.26
34587,3704,2016.01.26
34594,3746,2016.01.26
34599,3778,2016.01.26
34618,8054,2016.01.26
34641,3990,2016.01.26
34651,4074,2016.01.26
34722,4444,2016.01.26
34726,4450,2016.01.26
34737,4498,2016.01.26
34752,4656,2016.01.26
34761,4732,2016.01.26
34764,4762,2016.01.26
33942,3340,2016.01.26
34839,5158,2016.01.26
34871,5342,2016.01.26
34898,5448,2016.01.26
34906,5578,2016.01.26
34917,5644,2016.01.26
34924,5702,2016.01.26
34927,5716,2016.01.26
34947,5826,2016.01.26
34985,6002,2016.01.26
35000,6098,2016.01.26
35025,6188,2016.01.26
35041,6254,2016.01.26
35056,6314,2016.01.26
35084,8131,2016.01.26
35094,6508,2016.01.26
35115,6676,2016.01.26
35168,6957,2016.01.26
35175,7045,2016.01.26
35193,2027,2016.01.26
35263,0040,2016.01.26
35321,7578,2016.01.26
35337,7698,2016.01.26
35382,7942,2016.01.26
35396,7972,2016.01.26
35411,8086,2016.01.26
35424,8138,2016.01.26
35425,8132,2016.01.26
35442,8222,2016.01.26
35443,8232,2016.01.26
35444,8242,2016.01.26
35487,8422,2016.01.26
35497,8776,2016.01.26
35516,8822,2016.01.26
35542,8909,2016.01.26
35556,8970,2016.01.26
35563,0408,2016.01.26
35566,9050,2016.01.26
35630,9425,2016.01.26
35657,9623,2016.01.26
34329,2216,2016.01.26
35262,0050,2016.01.26
35345,7764,2016.01.26
34319,2204,2016.01.26
34320,2208,2016.01.26
34322,2206,2016.01.26
35496,8500,2016.01.26
33888,0011,2016.01.26
33897,0012,2016.01.26
33926,0215,2016.01.26
33948,0354,2016.01.26
33996,0651,2016.01.26
34076,1131,2016.01.26
34102,1509,2016.01.26
34118,1362,2016.01.26
34119,2226,2016.01.26
34120,1367,2016.01.26
34155,1512,2016.01.26
34158,1503,2016.01.26
34168,2233,2016.01.26
34175,1578,2016.01.26
34187,0264,2016.01.26
34195,0265,2016.01.26
34238,1899,2016.01.26
34253,1925,2016.01.26
34255,1934,2016.01.26
34272,2012,2016.01.26
34290,0201,2016.01.26
34325,2230,2016.01.26
34341,2338,2016.01.26
34344,2234,2016.01.26
34354,1270,2016.01.26
34384,2656,2016.01.26
34446,2965,2016.01.26
34477,3138,2016.01.26
34484,3172,2016.01.26
34503,3241,2016.01.26
34547,0266,2016.01.26
34621,3928,2016.01.26
34638,3980,2016.01.26
34691,4292,2016.01.26
34798,4980,2016.01.26
34811,5045,2016.01.26
34812,4271,2016.01.26
34857,5843,2016.01.26
34885,2952,2016.01.26
34937,5745,2016.01.26
34953,0267,2016.01.26
35009,6164,2016.01.26
35015,6152,2016.01.26
35021,6165,2016.01.26
35063,1579,2016.01.26
35069,6396,2016.01.26
35074,6406,2016.01.26
35161,6938,2016.01.26
35169,6961,2016.01.26
35182,7047,2016.01.26
35202,7118,2016.01.26
35207,7134,2016.01.26
35243,7245,2016.01.26
35256,7297,2016.01.26
35258,7319,2016.01.26
35280,7435,2016.01.26
35281,2232,2016.01.26
35284,7448,2016.01.26
35302,7096,2016.01.26
35303,2954,2016.01.26
35316,7562,2016.01.26
35318,6772,2016.01.26
35324,7610,2016.01.26
35343,7718,2016.01.26
35366,6773,2016.01.26
35402,8106,2016.01.26
35454,2953,2016.01.26
35476,8382,2016.01.26
35526,8847,2016.01.26
35528,8853,2016.01.26
35537,8897,2016.01.26
35652,9592,2016.01.26
33931,0225,2016.01.26
34336,2318,2016.01.26
34407,7994,2016.01.26
34455,3012,2016.01.26
34463,3050,2016.01.26
34964,5888,2016.01.26
35031,6222,2016.01.26
35124,6738,2016.01.26
35277,7402,2016.01.26
35477,8388,2016.01.26
34338,2328,2016.01.26
34339,2336,2016.01.26
34340,2332,2016.01.26
33971,0471,2016.01.26
33988,0604,2016.01.26
34016,0793,2016.01.26
34069,0038,2016.01.26
34342,2340,2016.01.26
34345,2346,2016.01.26
34346,2350,2016.01.26
34347,2355,2016.01.26
34379,2530,2016.01.26
34588,0039,2016.01.26
34589,3710,2016.01.26
34735,4838,2016.01.26
35248,0205,2016.01.26
35251,0037,2016.01.26
35253,7296,2016.01.26
35562,9061,2016.01.26
34359,2376,2016.01.26
34485,3182,2016.01.26
34556,3556,2016.01.26
34685,4277,2016.01.26
34961,5864,2016.01.26
34777,4841,2016.01.26
34779,4843,2016.01.26
34007,0754,2016.01.26
34366,2448,2016.01.26
34367,2456,2016.01.26
34368,2452,2016.01.26
34510,3286,2016.01.26
34372,2504,2016.01.26
34373,2514,2016.01.26
34376,2526,2016.01.26
34382,2570,2016.01.26
34383,2574,2016.01.26
34386,2608,2016.01.26
34387,2604,2016.01.26
34388,7300,2016.01.26
34502,3236,2016.01.26
34808,2572,2016.01.26
35305,7517,2016.01.26
35379,7925,2016.01.26
35380,7924,2016.01.26
34392,2638,2016.01.26
34393,2640,2016.01.26
34394,2642,2016.01.26
34170,1556,2016.01.26
34190,1652,2016.01.26
34400,2746,2016.01.26
34401,2750,2016.01.26
34402,2752,2016.01.26
35671,9620,2016.01.26
34409,2794,2016.01.26
34410,2790,2016.01.26
34411,2792,2016.01.26
34412,2788,2016.01.26
33979,0555,2016.01.26
34432,2902,2016.01.26
34433,2908,2016.01.26
34434,2906,2016.01.26
34541,3475,2016.01.26
34661,4102,2016.01.26
35509,4251,2016.01.26
35087,6483,2016.01.26
35134,6810,2016.01.26
35159,6935,2016.01.26
35257,7317,2016.01.26
35265,7339,2016.01.26
35286,7463,2016.01.26
35326,7613,2016.01.26
35393,7960,2016.01.26
35434,8010,2016.01.26
35450,8266,2016.01.26
35584,8791,2016.01.26
35677,9706,2016.01.26
33978,0492,2016.01.26
34222,1850,2016.01.26
34467,3078,2016.01.26
34468,3074,2016.01.26
34571,3620,2016.01.26
34840,5180,2016.01.26
35170,6954,2016.01.26
35358,7856,2016.01.26
33886,1334,2016.01.26
33937,3102,2016.01.26
34115,1332,2016.01.26
34349,3027,2016.01.26
34472,3106,2016.01.26
34473,3110,2016.01.26
34730,4474,2016.01.26
34948,3108,2016.01.26
35022,6138,2016.01.26
35133,6338,2016.01.26
34474,0056,2016.01.26
34475,3134,2016.01.26
34476,3130,2016.01.26
34454,3002,2016.01.26
34492,3224,2016.01.26
34495,3226,2016.01.26
35149,6858,2016.01.26
34448,2980,2016.01.26
34449,2988,2016.01.26
33994,3578,2016.01.26
34562,3585,2016.01.26
34563,3586,2016.01.26
34087,7890,2016.01.26
34200,0065,2016.01.26
34389,2573,2016.01.26
34553,3281,2016.01.26
34631,3967,2016.01.26
34741,4510,2016.01.26
35271,7360,2016.01.26
35272,7356,2016.01.26
35276,7388,2016.01.26
35592,9231,2016.01.26
34529,1632,2016.01.26
34530,1634,2016.01.26
34554,3542,2016.01.26
34555,3546,2016.01.26
34051,0988,2016.01.26
34134,1384,2016.01.26
34159,1500,2016.01.26
34324,2222,2016.01.26
34483,3162,2016.01.26
34500,1875,2016.01.26
34569,3610,2016.01.26
34570,3614,2016.01.26
34612,3880,2016.01.26
34614,0052,2016.01.26
34699,4356,2016.01.26
34716,4425,2016.01.26
34881,5412,2016.01.26
34912,6774,2016.01.26
34929,5660,2016.01.26
34938,5752,2016.01.26
34981,5985,2016.01.26
35075,6364,2016.01.26
35339,7700,2016.01.26
35351,7814,2016.01.26
35554,8965,2016.01.26
35557,2850,2016.01.26
35668,0053,2016.01.26
34582,3690,2016.01.26
34583,3694,2016.01.26
34584,3697,2016.01.26
34905,5577,2016.01.26
34596,3758,2016.01.26
35209,6701,2016.01.26
33962,0469,2016.01.26
34052,1000,2016.01.26
34111,1306,2016.01.26
34132,1383,2016.01.26
34479,3522,2016.01.26
34526,3392,2016.01.26
34602,3806,2016.01.26
34702,4380,2016.01.26
34703,4378,2016.01.26
34704,4379,2016.01.26
34990,6018,2016.01.26
35020,6162,2016.01.26
35082,6460,2016.01.26
35100,6578,2016.01.26
35119,6686,2016.01.26
35158,6936,2016.01.26
35325,7611,2016.01.26
35365,7882,2016.01.26
35401,8034,2016.01.26
35460,8337,2016.01.26
35463,8350,2016.01.26
35546,8923,2016.01.26
35654,9602,2016.01.26
34607,3846,2016.01.26
34608,3850,2016.01.26
34609,3862,2016.01.26
34610,3860,2016.01.26
34611,2522,2016.01.26
2461,7746,2016.01.26
34784,4899,2016.01.26
34648,4058,2016.01.26
34650,4069,2016.01.26
34653,4076,2016.01.26
34655,4080,2016.01.26
34514,3306,2016.01.26
34723,9212,2016.01.26
35141,0063,2016.01.26
34675,4227,2016.01.26
34676,4231,2016.01.26
34678,4252,2016.01.26
34679,4258,2016.01.26
34681,4254,2016.01.26
33901,0030,2016.01.26
33919,0148,2016.01.26
33949,0370,2016.01.26
33951,0378,2016.01.26
33998,0664,2016.01.26
33999,0660,2016.01.26
34002,0694,2016.01.26
34005,0724,2016.01.26
34014,0776,2016.01.26
34015,0779,2016.01.26
34032,0951,2016.01.26
34042,0952,2016.01.26
34043,0950,2016.01.26
34045,0965,2016.01.26
34094,1238,2016.01.26
34112,1318,2016.01.26
34163,1522,2016.01.26
34198,1730,2016.01.26
34205,7701,2016.01.26
34215,1790,2016.01.26
34225,1864,2016.01.26
34226,1861,2016.01.26
34232,1880,2016.01.26
34233,1869,2016.01.26
34234,1886,2016.01.26
34240,1876,2016.01.26
34268,1976,2016.01.26
34286,2120,2016.01.26
34287,2093,2016.01.26
34294,8090,2016.01.26
34296,2130,2016.01.26
34307,9432,2016.01.26
34314,2194,2016.01.26
34330,2288,2016.01.26
34334,2300,2016.01.26
34337,2322,2016.01.26
34371,2496,2016.01.26
34380,2550,2016.01.26
34390,2616,2016.01.26
34417,2836,2016.01.26
34418,2832,2016.01.26
34419,2820,2016.01.26
34420,2799,2016.01.26
34426,2866,2016.01.26
34430,2963,2016.01.26
34440,2946,2016.01.26
34458,3025,2016.01.26
34470,3088,2016.01.26
34489,3201,2016.01.26
34494,3216,2016.01.26
34534,3450,2016.01.26
34548,3502,2016.01.26
34551,3536,2016.01.26
34572,3622,2016.01.26
34573,3624,2016.01.26
34574,3628,2016.01.26
34591,3726,2016.01.26
34673,4190,2016.01.26
34708,4408,2016.01.26
34711,4410,2016.01.26
34712,6539,2016.01.26
34713,6541,2016.01.26
34720,8458,2016.01.26
34747,4548,2016.01.26
34748,4549,2016.01.26
34749,4550,2016.01.26
34769,4802,2016.01.26
34771,4830,2016.01.26
34789,4942,2016.01.26
34803,5004,2016.01.26
34806,5024,2016.01.26
34807,5036,2016.01.26
34833,5145,2016.01.26
34844,5222,2016.01.26
34863,5623,2016.01.26
34873,5350,2016.01.26
34874,5354,2016.01.26
34891,5454,2016.01.26
34897,5472,2016.01.26
34901,5524,2016.01.26
34908,5580,2016.01.26
34925,0034,2016.01.26
34926,0033,2016.01.26
34941,5758,2016.01.26
34965,5892,2016.01.26
34971,5944,2016.01.26
34977,5972,2016.01.26
34991,5994,2016.01.26
34999,6090,2016.01.26
35001,6133,2016.01.26
35003,6135,2016.01.26
35007,6139,2016.01.26
35036,6237,2016.01.26
35049,3250,2016.01.26
35050,6286,2016.01.26
35051,6330,2016.01.26
35085,6470,2016.01.26
35130,6804,2016.01.26
35131,6806,2016.01.26
35143,6828,2016.01.26
35146,6844,2016.01.26
35147,6848,2016.01.26
35189,7078,2016.01.26
35199,7114,2016.01.26
35205,7128,2016.01.26
35227,7190,2016.01.26
35239,7238,2016.01.26
35240,7239,2016.01.26
35252,7282,2016.01.26
35285,7462,2016.01.26
35287,5415,2016.01.26
35297,7483,2016.01.26
35309,7529,2016.01.26
35342,7708,2016.01.26
35344,7753,2016.01.26
35348,7780,2016.01.26
35353,7833,2016.01.26
35355,4478,2016.01.26
35361,7870,2016.01.26
35395,7962,2016.01.26
35403,8036,2016.01.26
35412,8102,2016.01.26
35437,8209,2016.01.26
35446,8248,2016.01.26
35451,8223,2016.01.26
35452,8276,2016.01.26
35455,8280,2016.01.26
35456,8300,2016.01.26
35475,8381,2016.01.26
35488,8432,2016.01.26
35519,8834,2016.01.26
35559,9008,2016.01.26
35567,9052,2016.01.26
35569,9058,2016.01.26
35585,9154,2016.01.26
35593,9232,2016.01.26
35595,9245,2016.01.26
35602,9299,2016.01.26
35604,9328,2016.01.26
35607,9342,2016.01.26
35623,9424,2016.01.26
35624,9428,2016.01.26
35629,9429,2016.01.26
35632,9412,2016.01.26
35637,9490,2016.01.26
35640,9510,2016.01.26
35660,9638,2016.01.26
35661,9648,2016.01.26
35670,9678,2016.01.26
35679,9427,2016.01.26
34766,4785,2016.01.26
34818,5078,2016.01.26
34966,5896,2016.01.26
34967,5902,2016.01.26
35172,6963,2016.01.26
35299,7490,2016.01.26
34688,4369,2016.01.26
34732,4488,2016.01.26
34733,4492,2016.01.26
34738,4502,2016.01.26
34739,4506,2016.01.26
34753,4690,2016.01.26
34754,4694,2016.01.26
34758,4724,2016.01.26
34759,4728,2016.01.26
34760,4726,2016.01.26
34762,4738,2016.01.26
34763,4742,2016.01.26
34780,4860,2016.01.26
34781,4864,2016.01.26
34785,4904,2016.01.26
35174,8804,2016.01.26
35636,9486,2016.01.26
33922,0200,2016.01.26
34790,4960,2016.01.26
34791,4956,2016.01.26
34942,5777,2016.01.26
35129,6794,2016.01.26
35598,9268,2016.01.26
34734,4495,2016.01.26
34800,1812,2016.01.26
34801,4990,2016.01.26
34802,4986,2016.01.26
34820,5096,2016.01.26
34821,5100,2016.01.26
34822,5098,2016.01.26
34995,5093,2016.01.26
35117,6682,2016.01.26
35118,6678,2016.01.26
35218,7165,2016.01.26
35247,4686,2016.01.26
34824,5119,2016.01.26
34827,5123,2016.01.26
34831,5132,2016.01.26
34832,5136,2016.01.26
33938,0298,2016.01.26
34129,1382,2016.01.26
34357,2382,2016.01.26
34413,2804,2016.01.26
34437,2926,2016.01.26
34482,0752,2016.01.26
34543,3472,2016.01.26
34622,3930,2016.01.26
34633,3950,2016.01.26
34658,5572,2016.01.26
34725,4447,2016.01.26
34846,5229,2016.01.26
34847,5224,2016.01.26
34848,5233,2016.01.26
34851,5236,2016.01.26
34996,8064,2016.01.26
35042,4316,2016.01.26
35138,6814,2016.01.26
35306,7518,2016.01.26
35327,7606,2016.01.26
35550,5574,2016.01.26
35578,6292,2016.01.26
35653,9600,2016.01.26
34854,5254,2016.01.26
34855,5238,2016.01.26
34856,5258,2016.01.26
34888,5446,2016.01.26
34889,5452,2016.01.26
34890,5450,2016.01.26
34893,5460,2016.01.26
34894,5468,2016.01.26
34895,5464,2016.01.26
35560,9010,2016.01.26
34899,5498,2016.01.26
34900,5506,2016.01.26
33895,0505,2016.01.26
33907,0507,2016.01.26
34191,0509,2016.01.26
34422,0506,2016.01.26
34538,0263,2016.01.26
34903,0187,2016.01.26
34934,0502,2016.01.26
34989,0501,2016.01.26
35066,6315,2016.01.26
35565,9036,2016.01.26
35687,0503,2016.01.26
34919,5666,2016.01.26
34920,5670,2016.01.26
33981,5754,2016.01.26
34939,5750,2016.01.26
34940,5762,2016.01.26
33936,0262,2016.01.26
34035,0900,2016.01.26
34062,1046,2016.01.26
34146,1450,2016.01.26
34162,1520,2016.01.26
34185,1619,2016.01.26
34196,1686,2016.01.26
34323,2224,2016.01.26
34332,2297,2016.01.26
34363,2392,2016.01.26
34504,0361,2016.01.26
34505,3244,2016.01.26
34506,6070,2016.01.26
34507,3262,2016.01.26
34520,3350,2016.01.26
34557,3570,2016.01.26
34560,3584,2016.01.26
34683,2128,2016.01.26
34842,5210,2016.01.26
34852,5244,2016.01.26
34957,5842,2016.01.26
35004,6166,2016.01.26
35037,2724,2016.01.26
35044,6264,2016.01.26
35097,6554,2016.01.26
35098,6562,2016.01.26
35114,6666,2016.01.26
35142,0363,2016.01.26
35197,7110,2016.01.26
35255,7281,2016.01.26
35273,0362,2016.01.26
35289,7467,2016.01.26
35336,9434,2016.01.26
35352,7832,2016.01.26
35494,8462,2016.01.26
35524,8846,2016.01.26
35533,8876,2016.01.26
35625,9406,2016.01.26
35667,9673,2016.01.26
34958,5854,2016.01.26
34960,5850,2016.01.26
34273,2018,2016.01.26
34260,1938,2016.01.26
34353,2373,2016.01.26
34358,2374,2016.01.26
34918,5656,2016.01.26
34973,5962,2016.01.26
35266,7338,2016.01.26
35480,8398,2016.01.26
34027,6036,2016.01.26
34084,6030,2016.01.26
34907,5579,2016.01.26
34986,6044,2016.01.26
34987,6520,2016.01.26
34988,6046,2016.01.26
33989,0609,2016.01.26
34244,1888,2016.01.26
34746,4546,2016.01.26
34819,5090,2016.01.26
34887,5436,2016.01.26
34949,5836,2016.01.26
34992,6026,2016.01.26
35190,7082,2016.01.26
35426,8133,2016.01.26
34141,1392,2016.01.26
34227,6054,2016.01.26
34251,1915,2016.01.26
34354,2942,2016.01.26
34727,4458,2016.01.26
34993,6058,2016.01.26
35076,6366,2016.01.26
35083,6466,2016.01.26
35089,6486,2016.01.26
35090,6494,2016.01.26
35091,6490,2016.01.26
35132,6807,2016.01.26
35198,7106,2016.01.26
35583,9149,2016.01.26
35685,6134,2016.01.26
35011,6142,2016.01.26
35012,6144,2016.01.26
35013,6146,2016.01.26
34126,1378,2016.01.26
34127,1276,2016.01.26
34774,4836,2016.01.26
34886,5422,2016.01.26
35102,6582,2016.01.26
35103,6586,2016.01.26
35104,6596,2016.01.26
35105,6598,2016.01.26
35106,6600,2016.01.26
34377,8114,2016.01.26
34581,3681,2016.01.26
34787,4908,2016.01.26
35416,8118,2016.01.26
35152,6898,2016.01.26
35154,6900,2016.01.26
35153,6902,2016.01.26
35176,6992,2016.01.26
35177,7009,2016.01.26
35144,6834,2016.01.26
35145,6838,2016.01.26
34559,3582,2016.01.26
35178,7024,2016.01.26
35179,7032,2016.01.26
35180,7028,2016.01.26
34295,7042,2016.01.26
34441,7048,2016.01.26
35181,7046,2016.01.26
35183,7052,2016.01.26
35185,4670,2016.01.26
35186,7054,2016.01.26
33977,0490,2016.01.26
33990,0612,2016.01.26
34000,0678,2016.01.26
34010,0766,2016.01.26
34020,0498,2016.01.26
34031,0892,2016.01.26
34034,0898,2016.01.26
34085,1186,2016.01.26
34086,1190,2016.01.26
34136,3760,2016.01.26
34333,2298,2016.01.26
34424,9370,2016.01.26
34462,3046,2016.01.26
34469,3105,2016.01.26
34600,3787,2016.01.26
34690,4282,2016.01.26
34728,4456,2016.01.26
34768,4793,2016.01.26
34804,5014,2016.01.26
34816,5068,2016.01.26
34823,5120,2016.01.26
34841,5168,2016.01.26
34843,5196,2016.01.26
34849,5234,2016.01.26
34864,5292,2016.01.26
34923,5688,2016.01.26
124540,5917,2016.01.26
35081,6476,2016.01.26
35088,6482,2016.01.26
35194,7104,2016.01.26
35203,7124,2016.01.26
35221,7161,2016.01.26
35236,7218,2016.01.26
35249,7290,2016.01.26
35261,7325,2016.01.26
35264,0146,2016.01.26
35270,7350,2016.01.26
35291,7470,2016.01.26
35354,7834,2016.01.26
35457,8318,2016.01.26
35493,8460,2016.01.26
35531,8852,2016.01.26
35540,9251,2016.01.26
35603,9330,2016.01.26
35614,9374,2016.01.26
35615,9380,2016.01.26
35691,0477,2016.01.26
35208,7154,2016.01.26
35212,7156,2016.01.26
35222,7160,2016.01.26
35223,7164,2016.01.26
35224,7174,2016.01.26
35225,7180,2016.01.26
35226,7176,2016.01.26
34006,0738,2016.01.26
34008,0756,2016.01.26
34019,0822,2016.01.26
34024,0860,2016.01.26
34041,0954,2016.01.26
34109,1304,2016.01.26
34138,1402,2016.01.26
34147,1454,2016.01.26
34219,1828,2016.01.26
34245,2096,2016.01.26
34360,2394,2016.01.26
34414,2438,2016.01.26
34471,2620,2016.01.26
34550,1504,2016.01.26
34590,3724,2016.01.26
34619,3924,2016.01.26
34637,3976,2016.01.26
34692,4302,2016.01.26
34968,5916,2016.01.26
35002,6132,2016.01.26
35127,6770,2016.01.26
35229,7209,2016.01.26
35410,8082,2016.01.26
35415,8116,2016.01.26
35482,8402,2016.01.26
35586,9188,2016.01.26
33972,0472,2016.01.26
34023,0852,2016.01.26
34025,0856,2016.01.26
34122,1377,2016.01.26
34261,7532,2016.01.26
34313,0026,2016.01.26
35057,6354,2016.01.26
35191,7086,2016.01.26
35217,7153,2016.01.26
35230,7208,2016.01.26
35233,7214,2016.01.26
35311,7530,2016.01.26
35312,7534,2016.01.26
35367,7886,2016.01.26
35384,0025,2016.01.26
35413,8110,2016.01.26
35486,8420,2016.01.26
35507,8810,2016.01.26
35580,9130,2016.01.26
35581,9134,2016.01.26
35128,7268,2016.01.26
35244,7276,2016.01.26
35259,7322,2016.01.26
35267,7342,2016.01.26
35268,7346,2016.01.26
35269,7344,2016.01.26
33984,0560,2016.01.26
33985,0570,2016.01.26
33986,0561,2016.01.26
34053,1006,2016.01.26
34106,0429,2016.01.26
34107,1296,2016.01.26
34281,2063,2016.01.26
34535,3460,2016.01.26
34536,3468,2016.01.26
34537,3464,2016.01.26
35278,7422,2016.01.26
35406,8038,2016.01.26
35283,7442,2016.01.26
35599,9264,2016.01.26
34662,4085,2016.01.26
34859,5268,2016.01.26
35319,7568,2016.01.26
35320,4680,2016.01.26
35328,7612,2016.01.26
35329,7616,2016.01.26
35330,7626,2016.01.26
35331,7630,2016.01.26
35333,7660,2016.01.26
35334,7668,2016.01.26
35335,7664,2016.01.26
34003,0700,2016.01.26
34058,1021,2016.01.26
34059,1022,2016.01.26
34063,1052,2016.01.26
34616,3900,2016.01.26
34724,8032,2016.01.26
34794,4950,2016.01.26
34916,5615,2016.01.26
35052,6294,2016.01.26
35068,6395,2016.01.26
35101,6702,2016.01.26
35108,6638,2016.01.26
35215,7129,2016.01.26
35216,7131,2016.01.26
35340,7725,2016.01.26
35341,7714,2016.01.26
35409,8060,2016.01.26
35421,8130,2016.01.26
35547,8820,2016.01.26
35575,9230,2016.01.26
35628,9426,2016.01.26
34355,7843,2016.01.26
35356,7842,2016.01.26
35373,7900,2016.01.26
35374,7904,2016.01.26
35375,7902,2016.01.26
33934,0252,2016.01.26
33935,0250,2016.01.26
34580,0248,2016.01.26
35407,8050,2016.01.26
35408,8048,2016.01.26
35417,8119,2016.01.26
35418,8120,2016.01.26
35431,8160,2016.01.26
33920,0061,2016.01.26
33923,0226,2016.01.26
34030,0875,2016.01.26
34033,0878,2016.01.26
34079,1148,2016.01.26
34105,1284,2016.01.26
34130,1245,2016.01.26
34144,1434,2016.01.26
34201,3194,2016.01.26
34224,1844,2016.01.26
34343,2343,2016.01.26
34404,2758,2016.01.26
34405,2761,2016.01.26
34406,2760,2016.01.26
34435,2912,2016.01.26
34445,2964,2016.01.26
34488,3196,2016.01.26
34674,4202,2016.01.26
34682,4333,2016.01.26
34686,4278,2016.01.26
34809,0060,2016.01.26
34860,5284,2016.01.26
34861,5282,2016.01.26
34862,5288,2016.01.26
34876,5364,2016.01.26
34877,5368,2016.01.26
34931,5726,2016.01.26
34932,5722,2016.01.26
34933,5730,2016.01.26
35014,6156,2016.01.26
35046,6274,2016.01.26
35047,6276,2016.01.26
35073,6404,2016.01.26
35092,6498,2016.01.26
35214,7157,2016.01.26
35290,7464,2016.01.26
35322,7584,2016.01.26
35369,7789,2016.01.26
35388,7954,2016.01.26
35436,7565,2016.01.26
35481,5286,2016.01.26
35536,8903,2016.01.26
35551,8927,2016.01.26
35639,9430,2016.01.26
35062,6363,2016.01.26
35404,8208,2016.01.26
35440,8212,2016.01.26
35441,8210,2016.01.26
35466,8358,2016.01.26
35684,9757,2016.01.26
34615,8332,2016.01.26
35206,7133,2016.01.26
35458,8328,2016.01.26
35459,8334,2016.01.26
35461,8342,2016.01.26
35464,8351,2016.01.26
35465,8354,2016.01.26
34050,8372,2016.01.26
34315,8370,2016.01.26
34497,8374,2016.01.26
35372,8376,2016.01.26
35469,8385,2016.01.26
35472,8378,2016.01.26
35474,8377,2016.01.26
35558,8993,2016.01.26
35489,8452,2016.01.26
35490,8456,2016.01.26
35498,8786,2016.01.26
35499,8794,2016.01.26
35500,8790,2016.01.26
33975,0865,2016.01.26
34017,0808,2016.01.26
34018,0812,2016.01.26
34026,0870,2016.01.26
34028,5312,2016.01.26
34113,1323,2016.01.26
34133,1385,2016.01.26
34236,0510,2016.01.26
34252,1920,2016.01.26
34258,2089,2016.01.26
34515,3320,2016.01.26
34598,9260,2016.01.26
34695,4332,2016.01.26
34805,5018,2016.01.26
34835,5170,2016.01.26
34869,5316,2016.01.26
34872,5335,2016.01.26
34915,0890,2016.01.26
34982,5992,2016.01.26
35019,6163,2016.01.26
35027,6194,2016.01.26
35039,6220,2016.01.26
35200,7113,2016.01.26
35332,7640,2016.01.26
35438,7650,2016.01.26
35518,8824,2016.01.26
35545,8918,2016.01.26
35548,8925,2016.01.26
35568,9055,2016.01.26
35591,9228,2016.01.26
35669,9674,2016.01.26
34369,2481,2016.01.26
34439,2944,2016.01.26
35543,8906,2016.01.26
35544,1386,2016.01.26
33974,0515,2016.01.26
34091,1220,2016.01.26
34092,1224,2016.01.26
34095,1321,2016.01.26
34592,3729,2016.01.26
35448,8260,2016.01.26
35449,8256,2016.01.26
35561,9085,2016.01.26
35576,9090,2016.01.26
35577,9100,2016.01.26
35589,9222,2016.01.26
35590,9226,2016.01.26
34527,3398,2016.01.26
35065,4854,2016.01.26
35151,4852,2016.01.26
35188,7056,2016.01.26
35420,7058,2016.01.26
35564,9032,2016.01.26
34465,3070,2016.01.26
34466,3066,2016.01.26
34814,5050,2016.01.26
35552,8930,2016.01.26
34108,1299,2016.01.26
34647,4526,2016.01.26
34850,3090,2016.01.26
35608,9347,2016.01.26
35609,1446,2016.01.26
35611,9352,2016.01.26
35612,9360,2016.01.26
35613,9356,2016.01.26
35028,6196,2016.01.26
35079,6436,2016.01.26
35122,6718,2016.01.26
35619,9420,2016.01.26
34189,1622,2016.01.26
34280,2035,2016.01.26
34427,2876,2016.01.26
34456,7810,2016.01.26
34481,3144,2016.01.26
34579,3649,2016.01.26
34601,3792,2016.01.26
34626,3931,2016.01.26
34694,7305,2016.01.26
34731,4465,2016.01.26
34878,5388,2016.01.26
34952,5834,2016.01.26
35350,7812,2016.01.26
35359,7860,2016.01.26
35389,7952,2016.01.26
35483,8406,2016.01.26
35501,8798,2016.01.26
35634,9462,2016.01.26
35635,9466,2016.01.26
34317,9560,2016.01.26
34496,3234,2016.01.26
34705,5033,2016.01.26
34707,4394,2016.01.26
34910,5602,2016.01.26
34954,5841,2016.01.26
35165,6952,2016.01.26
35435,8178,2016.01.26
35478,8392,2016.01.26
35491,4346,2016.01.26
35574,8122,2016.01.26
35601,9294,2016.01.26
35605,9334,2016.01.26
35647,9562,2016.01.26
35648,9566,2016.01.26
35649,9576,2016.01.26
35650,9582,2016.01.26
35651,9263,2016.01.26
35655,9604,2016.01.26
34564,0055,2016.01.26
35018,6750,2016.01.26
35346,7755,2016.01.26
35391,7958,2016.01.26
35534,8886,2016.01.26
35665,9672,2016.01.26
35666,9670,2016.01.26
34221,9698,2016.01.26
34518,9692,2016.01.26
35470,8379,2016.01.26
35673,9696,2016.01.26
35674,9694,2016.01.26
35675,9700,2016.01.26
35676,9704,2016.01.26
34073,9729,2016.01.26
35680,9725,2016.01.26
35681,9733,2016.01.26
34750,9795,2016.01.26
34845,5221,2016.01.26
35689,9799,2016.01.26
35690,9791,2016.01.26
34316,2195,2016.01.26
33894,1866,2016.01.26
34207,1748,2016.01.26
34911,5605,2016.01.26
35570,9056,2016.01.27
34167,1546,2016.01.27
34182,1612,2016.01.27
34279,2058,2016.01.27
34778,5015,2016.01.27
34523,4162,2016.01.27
34646,4048,2016.01.27
35364,7880,2016.01.27
35433,8168,2016.01.27
35620,9422,2016.01.27
